Workbook

Sheet الرئيسيــة
A1: ت | B1: الرقم الوظيفي | C1: الاسم الكامل | D1: العنوان الوظيفي | E1: التحصيل الدراسي | F1: الدرجة | G1: المرحلة | I1: الراتب القديم | K1: المرحلة الجديدة | M1: الراتب الجديد | P1: تاريخ الاستحقاق القديم | Q1: تاريخ الاستحقاق القادم | R1: تاريخ الاستحقاق | S1: تنبيه العلاوة | W1: كتب الشكر | X1: عدد كتب الشكر | Y1: رقم وتاريخ الكتب | Z1: خدمة المدورة | AC1: اجازة بدون راتب / غيابات | AD1: لفت نظر / امومة | AE1: انذار | AF1: توبيخ | AI1: رقم وتاريخ العقوبات | AJ1: الملاحظات | AK1: نوع الملاك | AL1: الملاحظات الخاصة | AM1: password_hash | AN1: must_change_password | AO1: first_login | AP1: الجنس
A2: 1 | B2: 100544268 | C2: ابراهيم نذير ابراهيم ابراهيم | D2: رئيس مهندسين اقدم اول | E2: بكالوريوس هندسة | F2: 1 | G2: 2 | H2: =G2&"/"&F2 -> 2/1 | I2: =IF(G2="","",VLOOKUP(H2,ورقة1!$A$1:$B$240,2,0)) -> 930 | J2: =F2 -> 1 | K2: =IF(G2="","",G2+1) -> 3 | L2: =K2&"/"&J2 -> 3/1 | M2: =IF(K2="","",VLOOKUP(L2,ورقة1!$A$1:$B$240,2,0)) -> 950 | N2: =Z2+(AA2*30)+(AB2*365) -> 0 | O2: =#REF!+(#REF!*30)+#REF!*365 -> #REF! | P2: 45683 | Q2: =IF(P2="","",P2+365) -> 46048 | R2: =IF(P2="","",EDATE(P2,12+AG2)+AC2-N2) -> 46048 | S2: =IF(P2="","",IF(T2=TRUE,"يستحق العلاوة",IF(V2=TRUE,"قريبا يستحق العلاوة"," "))) -> يستحق العلاوة | T2: =AND(MONTH(U2)=MONTH(R2),YEAR(U2)=YEAR(R2)) -> TRUE | U2: =TODAY() -> 46035 | V2: =AND(R2-U2<30,U2<R2) -> TRUE | AG2: =(((AD2*3)+(AE2*6)+(AF2*12))-AH2) -> 0 | AH2: =W2+X2 -> 0 | AK2: ملاك قديم | AL2: تم الترقية 20205 | AM2: scrypt:32768:8:1$wlNylYwVBYjqMhbQ$94a447fee912c76e7e0755e58ff154e3b49eb0e73f7c4963e275ed4881e884fbb916e0dd9dd3ddebfab1220c5c030bf6433245f4553e790ddb4cd86c02a9d0b4 | AN2: 1 | AO2: 1 | AP2: ذكر
A3: 2 | B3: 100271340 | C3: انتصار عباس خضير عباس العزاوي | D3: مدير تدقيق اقدم اول | E3: بكالوريوس علوم مالية ومصرفية | F3: 1 | G3: 20 | H3: =G3&"/"&F3 -> 20/1 | I3: =IF(G3="","",VLOOKUP(H3,ورقة1!$A$1:$B$240,2,0)) -> 1290 | J3: =F3 -> 1 | K3: =IF(G3="","",G3+1) -> 21 | L3: =K3&"/"&J3 -> 21/1 | M3: =IF(K3="","",VLOOKUP(L3,ورقة1!$A$1:$B$240,2,0)) -> #N/A | N3: =Z3+(AA3*30)+(AB3*365) -> 0 | O3: =#REF!+(#REF!*30)+#REF!*365 -> #REF! | P3: 45803 | Q3: =IF(P3="","",P3+365) -> 46168 | R3: =IF(P3="","",EDATE(P3,12+AG3)+AC3-N3) -> 46168 | S3: =IF(P3="","",IF(T3=TRUE,"يستحق العلاوة",IF(V3=TRUE,"قريبا يستحق العلاوة"," "))) | T3: =AND(MONTH(U3)=MONTH(R3),YEAR(U3)=YEAR(R3)) -> FALSE | U3: =TODAY() -> 46035 | V3: =AND(R3-U3<30,U3<R3) -> FALSE | AG3: =(((AD3*3)+(AE3*6)+(AF3*12))-AH3) -> 0 | AH3: =W3+X3 -> 0 | AK3: ملاك قديم | AM3: scrypt:32768:8:1$FhOf25cqgVpFNjiP$3592b4bc6a802702d8823d603a3add2852966dc0f3f6c02cfcf260227c3e03aaa0a1b2357f7a1114523d57ef4d53dc57eacb44bc2e2ff57be3eb4f2870ecb772 | AN3: 1 | AO3: 1 | AP3: انثى
A4: 3 | B4: 100540860 | C4: خالد كاظم عبدالكريم | D4: رئيس مهندسين اقدم اول | E4: بكالوريوس هندسة ميكانيك | F4: 1 | G4: 5 | H4: =G4&"/"&F4 -> 5/1 | I4: =IF(G4="","",VLOOKUP(H4,ورقة1!$A$1:$B$240,2,0)) -> 990 | J4: =F4 -> 1 | K4: =IF(G4="","",G4+1) -> 6 | L4: =K4&"/"&J4 -> 6/1 | M4: =IF(K4="","",VLOOKUP(L4,ورقة1!$A$1:$B$240,2,0)) -> 1010 | N4: =Z4+(AA4*30)+(AB4*365) -> 0 | O4: =#REF!+(#REF!*30)+#REF!*365 -> #REF! | P4: 46017 | Q4: =IF(P4="","",P4+365) -> 46382 | R4: =IF(P4="","",EDATE(P4,12+AG4)+AC4-N4) -> 46382 | S4: =IF(P4="","",IF(T4=TRUE,"يستحق العلاوة",IF(V4=TRUE,"قريبا يستحق العلاوة"," "))) | T4: =AND(MONTH(U4)=MONTH(R4),YEAR(U4)=YEAR(R4)) -> FALSE | U4: =TODAY() -> 46035 | V4: =AND(R4-U4<30,U4<R4) -> FALSE | AG4: =(((AD4*3)+(AE4*6)+(AF4*12))-AH4) -> 0 | AH4: =W4+X4 -> 0 | AK4: ملاك قديم | AL4: مدير موقع عبدالعباس | AM4: scrypt:32768:8:1$tvf2b9JhJJWpaTPJ$fe0709855f8e3afb91318f170481535fa481e8da73a867fbdf7b49710a5e3b64634f5ce9469138e0a008e33442886f31027818f51c58567d429539f9aee59107 | AN4: 1 | AO4: 1 | AP4: ذكر
A5: 4 | B5: 100269613 | C5: زياد حسان بديع محمود النائب | D5: رئيس مهندسين اقدم اول | E5: بكالوريوس هندسة مكائن ومعدات | F5: 1 | G5: 5 | H5: =G5&"/"&F5 -> 5/1 | I5: =IF(G5="","",VLOOKUP(H5,ورقة1!$A$1:$B$240,2,0)) -> 990 | J5: =F5 -> 1 | K5: =IF(G5="","",G5+1) -> 6 | L5: =K5&"/"&J5 -> 6/1 | M5: =IF(K5="","",VLOOKUP(L5,ورقة1!$A$1:$B$240,2,0)) -> 1010 | N5: =Z5+(AA5*30)+(AB5*365) -> 0 | O5: =#REF!+(#REF!*30)+#REF!*365 -> #REF! | P5: 45834 | Q5: =IF(P5="","",P5+365) -> 46199 | R5: =IF(P5="","",EDATE(P5,12+AG5)+AC5-N5) -> 46168 | S5: =IF(P5="","",IF(T5=TRUE,"يستحق العلاوة",IF(V5=TRUE,"قريبا يستحق العلاوة"," "))) | T5: =AND(MONTH(U5)=MONTH(R5),YEAR(U5)=YEAR(R5)) -> FALSE | U5: =TODAY() -> 46035 | V5: =AND(R5-U5<30,U5<R5) -> FALSE | X5: 1 | Y5: 52711في 6/10/2025 | AG5: =(((AD5*3)+(AE5*6)+(AF5*12))-AH5) -> -1 | AH5: =W5+X5 -> 1 | AK5: ملاك قديم | AM5: scrypt:32768:8:1$IXveM0nQABCtgWff$a9ea3c6058decfcb7cff9be43029c398880a6d6a8fb0fa468ba83b4e18a5f406bc261534efc9c859a5ee6eb3b1c66432a6c7f9189d3101fcff2db690f81627f4 | AN5: 1 | AO5: 1 | AP5: ذكر
A6: 5 | B6: 100273656 | C6: عدنان سلمان داود كريم البالوي | D6: رئيس مهندسين أقدم اول | E6: بكالوريوس هندسة الكترونيك | F6: 1 | G6: 7 | H6: =G6&"/"&F6 -> 7/1 | I6: =IF(G6="","",VLOOKUP(H6,ورقة1!$A$1:$B$240,2,0)) -> 1030 | J6: =F6 -> 1 | K6: =IF(G6="","",G6+1) -> 8 | L6: =K6&"/"&J6 -> 8/1 | M6: =IF(K6="","",VLOOKUP(L6,ورقة1!$A$1:$B$240,2,0)) -> 1050 | N6: =Z6+(AA6*30)+(AB6*365) -> 0 | O6: =#REF!+(#REF!*30)+#REF!*365 -> #REF! | P6: 45834 | Q6: =IF(P6="","",P6+365) -> 46199 | R6: =IF(P6="","",EDATE(P6,12+AG6)+AC6-N6) -> 46138 | S6: =IF(P6="","",IF(T6=TRUE,"يستحق العلاوة",IF(V6=TRUE,"قريبا يستحق العلاوة"," "))) | T6: =AND(MONTH(U6)=MONTH(R6),YEAR(U6)=YEAR(R6)) -> FALSE | U6: =TODAY() -> 46035 | V6: =AND(R6-U6<30,U6<R6) -> FALSE | X6: 2 | Y6: 52711في 6/10/2025 60534في 4/11/2025 | AG6: =(((AD6*3)+(AE6*6)+(AF6*12))-AH6) -> -2 | AH6: =W6+X6 -> 2 | AK6: ملاك قديم | AM6: scrypt:32768:8:1$oGhUu9Yf3ruBWv7K$02d9783f5b54ae0d154f17b8b905bf420942d4296ebe7f0af4d9de1f6f4265af88b236019de4c219570096cdd3b32c725bd25e9e0935a78adb51d3929096a8e3 | AN6: 1 | AO6: 1 | AP6: ذكر
A7: 6 | B7: 100270631 | C7: عصام محسن محمود صالح الموسوي | D7: رئيس مهندسين تقني اقدم اول | E7: بكالوريوس هندسة تقنيات الحاسبات | F7: 1 | G7: 17 | H7: =G7&"/"&F7 -> 17/1 | I7: =IF(G7="","",VLOOKUP(H7,ورقة1!$A$1:$B$240,2,0)) -> 1230 | J7: =F7 -> 1 | K7: =IF(G7="","",G7+1) -> 18 | L7: =K7&"/"&J7 -> 18/1 | M7: =IF(K7="","",VLOOKUP(L7,ورقة1!$A$1:$B$240,2,0)) -> 1250 | N7: =Z7+(AA7*30)+(AB7*365) -> 0 | O7: =#REF!+(#REF!*30)+#REF!*365 -> #REF! | P7: 45864 | Q7: =IF(P7="","",P7+365) -> 46229 | R7: =IF(P7="","",EDATE(P7,12+AG7)+AC7-N7) -> 46229 | S7: =IF(P7="","",IF(T7=TRUE,"يستحق العلاوة",IF(V7=TRUE,"قريبا يستحق العلاوة"," "))) | T7: =AND(MONTH(U7)=MONTH(R7),YEAR(U7)=YEAR(R7)) -> FALSE | U7: =TODAY() -> 46035 | V7: =AND(R7-U7<30,U7<R7) -> FALSE | AG7: =(((AD7*3)+(AE7*6)+(AF7*12))-AH7) -> 0 | AH7: =W7+X7 -> 0 | AK7: ملاك قديم | AM7: scrypt:32768:8:1$1ywG5oqer2oBBgVd$1ff461f4c0b73d14908ec71e1c6c4e12a270dd258d7b01f1e4a6cb9cf328619f7c6b99f9d1997398fbac5709671705d1814ea3d385f7b6c46a4e3e1319009c59 | AN7: 1 | AO7: 1 | AP7: ذكر
A8: 7 | B8: 100270305 | C8: فاضل علك خضير | D8: رئيس مهندسين تقني اقدم اول | E8: بكالوريوس هندسة تقنيات الكهرباء | F8: 1 | G8: 14 | H8: =G8&"/"&F8 -> 14/1 | I8: =IF(G8="","",VLOOKUP(H8,ورقة1!$A$1:$B$240,2,0)) -> 1170 | J8: =F8 -> 1 | K8: =IF(G8="","",G8+1) -> 15 | L8: =K8&"/"&J8 -> 15/1 | M8: =IF(K8="","",VLOOKUP(L8,ورقة1!$A$1:$B$240,2,0)) -> 1190 | N8: =Z8+(AA8*30)+(AB8*365) -> 0 | O8: =#REF!+(#REF!*30)+#REF!*365 -> #REF! | P8: 45864 | Q8: =IF(P8="","",P8+365) -> 46229 | R8: =IF(P8="","",EDATE(P8,12+AG8)+AC8-N8) -> 46229 | S8: =IF(P8="","",IF(T8=TRUE,"يستحق العلاوة",IF(V8=TRUE,"قريبا يستحق العلاوة"," "))) | T8: =AND(MONTH(U8)=MONTH(R8),YEAR(U8)=YEAR(R8)) -> FALSE | U8: =TODAY() -> 46035 | V8: =AND(R8-U8<30,U8<R8) -> FALSE | AG8: =(((AD8*3)+(AE8*6)+(AF8*12))-AH8) -> 0 | AH8: =W8+X8 -> 0 | AM8: scrypt:32768:8:1$vkoZZdbxUvDA4C9z$d4fc95faf7a57f1d69a91acfb991777ef7dc88d3aa9860c3fe8e431e1893da000f17c7e55301858417989ac996a617e74ceb43dfc32a32d9947d37c599782937 | AN8: 1 | AO8: 1
A9: 8 | B9: 100269600 | C9: ياسر اكرم داود سلمان القيسي | D9: رئيس مهندسين اقدم اول | E9: بكالوريوس هندسة ميكانيك | F9: 1 | G9: 9 | H9: =G9&"/"&F9 -> 9/1 | I9: =IF(G9="","",VLOOKUP(H9,ورقة1!$A$1:$B$240,2,0)) -> 1070 | J9: =F9 -> 1 | K9: =IF(G9="","",G9+1) -> 10 | L9: =K9&"/"&J9 -> 10/1 | M9: =IF(K9="","",VLOOKUP(L9,ورقة1!$A$1:$B$240,2,0)) -> 1090 | N9: =Z9+(AA9*30)+(AB9*365) -> 0 | O9: =#REF!+(#REF!*30)+#REF!*365 -> #REF! | P9: 45773 | Q9: =IF(P9="","",P9+365) -> 46138 | R9: =IF(P9="","",EDATE(P9,12+AG9)+AC9-N9) -> 46048 | S9: =IF(P9="","",IF(T9=TRUE,"يستحق العلاوة",IF(V9=TRUE,"قريبا يستحق العلاوة"," "))) -> يستحق العلاوة | T9: =AND(MONTH(U9)=MONTH(R9),YEAR(U9)=YEAR(R9)) -> TRUE | U9: =TODAY() -> 46035 | V9: =AND(R9-U9<30,U9<R9) -> TRUE | X9: 3 | Y9: 52711في 6/10/2025 60534في 4/11/2025 64852في 25/11/2025 | AG9: =(((AD9*3)+(AE9*6)+(AF9*12))-AH9) -> -3 | AH9: =W9+X9 -> 3 | AK9: ملاك قديم | AM9: scrypt:32768:8:1$x5EhMFw04n5I8ebW$5acad95d0b71168d56b484052c70bd93f9c6c488f591e6ec05909f78abae8e10d488e02c4693039d67e0c4214d5d90094bc9c7b9fc280d7838e6ea07acb5a2d4 | AN9: 1 | AO9: 1 | AP9: ذكر
A10: 9 | B10: 100269163 | C10: ياسر صبحي محمد عباس الزنكناوي | D10: رئيس مهندسين اقدم اول | E10: بكالوريوس هندسة مكائن ومعدات | F10: 1 | G10: 2 | H10: =G10&"/"&F10 -> 2/1 | I10: =IF(G10="","",VLOOKUP(H10,ورقة1!$A$1:$B$240,2,0)) -> 930 | J10: =F10 -> 1 | K10: =IF(G10="","",G10+1) -> 3 | L10: =K10&"/"&J10 -> 3/1 | M10: =IF(K10="","",VLOOKUP(L10,ورقة1!$A$1:$B$240,2,0)) -> 950 | N10: =Z10+(AA10*30)+(AB10*365) -> 0 | O10: =#REF!+(#REF!*30)+#REF!*365 -> #REF! | P10: 45757 | Q10: =IF(P10="","",P10+365) -> 46122 | R10: =IF(P10="","",EDATE(P10,12+AG10)+AC10-N10) -> 46032 | S10: =IF(P10="","",IF(T10=TRUE,"يستحق العلاوة",IF(V10=TRUE,"قريبا يستحق العلاوة"," "))) -> يستحق العلاوة | T10: =AND(MONTH(U10)=MONTH(R10),YEAR(U10)=YEAR(R10)) -> TRUE | U10: =TODAY() -> 46035 | V10: =AND(R10-U10<30,U10<R10) -> FALSE | X10: 3 | Y10: 52711في 6/10/2025 60534في 4/11/2025 65653في 26/11/2025 | AG10: =(((AD10*3)+(AE10*6)+(AF10*12))-AH10) -> -3 | AH10: =W10+X10 -> 3 | AK10: ملاك قديم | AL10: تم الترقية 2025 | AM10: scrypt:32768:8:1$9vG6gek3ZchzQTC0$46b9ad2863fb550e1648e4a5ec220a653491736ba7d9487e326142f3842e5ccb62072d8fe29063896fc97c308c1b9c12943e2e1cd84f220f8e2f2f52984e3e31 | AN10: 1 | AO10: 1 | AP10: ذكر
A11: 10 | B11: 100270376 | C11: بلاسم حسين علي محمد المشهداني | D11: مدير فني اقدم | E11: اعدادية تشغيل وحدات | F11: 2 | H11: =G11&"/"&F11 -> /2 | I11: =IF(G11="","",VLOOKUP(H11,ورقة1!$A$1:$B$240,2,0)) | J11: =F11 -> 2 | K11: =IF(G11="","",G11+1) | L11: =K11&"/"&J11 -> /2 | M11: =IF(K11="","",VLOOKUP(L11,ورقة1!$A$1:$B$240,2,0)) | N11: =Z11+(AA11*30)+(AB11*365) -> 0 | O11: =#REF!+(#REF!*30)+#REF!*365 -> #REF! | Q11: =IF(P11="","",P11+365) | R11: =IF(P11="","",EDATE(P11,12+AG11)+AC11-N11) | S11: =IF(P11="","",IF(T11=TRUE,"يستحق العلاوة",IF(V11=TRUE,"قريبا يستحق العلاوة"," "))) | T11: =AND(MONTH(U11)=MONTH(R11),YEAR(U11)=YEAR(R11)) -> #VALUE! | U11: =TODAY() -> 46035 | V11: =AND(R11-U11<30,U11<R11) -> #VALUE! | X11: 8 | Y11: 17929 في 11/3/2024 14442في 13/3/2025 18526في 14/4/2025 | AG11: =(((AD11*3)+(AE11*6)+(AF11*12))-AH11) -> -8 | AH11: =W11+X11 -> 8 | AK11: ملاك قديم | AL11: متوقف | AM11: scrypt:32768:8:1$Mo2fAT5oJX4DXcxd$387727c266721dd6fb2c1c080ed2ee57cf245f53307b946d26d6254c66185385062b3229f19d50730d775bc0703d183c34f2a97f02b44e8bb2cf344979d8b1ce | AN11: 1 | AO11: 1 | AP11: ذكر
A12: 11 | B12: 100264212 | C12: خالد ابراهيم علي ابراهيم العكيدي | D12: رئيس مهندسين اقدم | E12: بكالوريوس هندسة كيمياء | F12: 2 | G12: 2 | H12: =G12&"/"&F12 -> 2/2 | I12: =IF(G12="","",VLOOKUP(H12,ورقة1!$A$1:$B$240,2,0)) -> 740 | J12: =F12 -> 2 | K12: =IF(G12="","",G12+1) -> 3 | L12: =K12&"/"&J12 -> 3/2 | M12: =IF(K12="","",VLOOKUP(L12,ورقة1!$A$1:$B$240,2,0)) -> 757 | N12: =Z12+(AA12*30)+(AB12*365) -> 0 | O12: =#REF!+(#REF!*30)+#REF!*365 -> #REF! | P12: 45956 | Q12: =IF(P12="","",P12+365) -> 46321 | R12: =IF(P12="","",EDATE(P12,12+AG12)+AC12-N12) -> 46291 | S12: =IF(P12="","",IF(T12=TRUE,"يستحق العلاوة",IF(V12=TRUE,"قريبا يستحق العلاوة"," "))) | T12: =AND(MONTH(U12)=MONTH(R12),YEAR(U12)=YEAR(R12)) -> FALSE | U12: =TODAY() -> 46035 | V12: =AND(R12-U12<30,U12<R12) -> FALSE | X12: 1 | Y12: 52711في 6/10/2025 | AG12: =(((AD12*3)+(AE12*6)+(AF12*12))-AH12) -> -1 | AH12: =W12+X12 -> 1 | AK12: ملاك قديم | AL12: تم الترقية 2025 | AM12: scrypt:32768:8:1$0rDjsGATnwHhwI3t$102073e0251385417162fe56dbebecf9123881112316aafd872a0f1985b1e0b1ee6fd3c846985e8a2cb9163ec716cec2f44eb80c391a20426b546e688739b15e | AN12: 1 | AO12: 1 | AP12: ذكر
A13: 12 | B13: 100270628 | C13: سجى محمدعلي مهدي شلال الشرفي | D13: مدير حسابات اقدم | E13: دبلوم محاسبة | F13: 2 | G13: 9 | H13: =G13&"/"&F13 -> 9/2 | I13: =IF(G13="","",VLOOKUP(H13,ورقة1!$A$1:$B$240,2,0)) -> 859 | J13: =F13 -> 2 | K13: =IF(G13="","",G13+1) -> 10 | L13: =K13&"/"&J13 -> 10/2 | M13: =IF(K13="","",VLOOKUP(L13,ورقة1!$A$1:$B$240,2,0)) -> 876 | N13: =Z13+(AA13*30)+(AB13*365) -> 0 | O13: =#REF!+(#REF!*30)+#REF!*365 -> #REF! | P13: 45932 | Q13: =IF(P13="","",P13+365) -> 46297 | R13: =IF(P13="","",EDATE(P13,12+AG13)+AC13-N13) -> 46083 | S13: =IF(P13="","",IF(T13=TRUE,"يستحق العلاوة",IF(V13=TRUE,"قريبا يستحق العلاوة"," "))) | T13: =AND(MONTH(U13)=MONTH(R13),YEAR(U13)=YEAR(R13)) -> FALSE | U13: =TODAY() -> 46035 | V13: =AND(R13-U13<30,U13<R13) -> FALSE | X13: 7 | Y13: 47692في 16/9/2025 48879في 21/9/2025 | AG13: =(((AD13*3)+(AE13*6)+(AF13*12))-AH13) -> -7 | AH13: =W13+X13 -> 7 | AK13: ملاك قديم | AM13: scrypt:32768:8:1$cG0aNNQzR04pcGJs$80ea3244b81c973670165c96f82b3858668371f8d37ed61ead0eac408b783702cc084305c86b67cbfa011639d4c2e2dce5f0f68b70ada824a03248cde7ea7341 | AN13: 1 | AO13: 1 | AP13: انثى
A14: 13 | B14: 100269783 | C14: محمد محي حيدر زين العابدين البياتي | D14: مدير فني اقدم | E14: دبلوم كهرباء | F14: 2 | G14: 6 | H14: =G14&"/"&F14 -> 6/2 | I14: =IF(G14="","",VLOOKUP(H14,ورقة1!$A$1:$B$240,2,0)) -> 808 | J14: =F14 -> 2 | K14: =IF(G14="","",G14+1) -> 7 | L14: =K14&"/"&J14 -> 7/2 | M14: =IF(K14="","",VLOOKUP(L14,ورقة1!$A$1:$B$240,2,0)) -> 825 | N14: =Z14+(AA14*30)+(AB14*365) -> 0 | O14: =#REF!+(#REF!*30)+#REF!*365 -> #REF! | P14: 45932 | Q14: =IF(P14="","",P14+365) -> 46297 | R14: =IF(P14="","",EDATE(P14,12+AG14)+AC14-N14) -> 46297 | S14: =IF(P14="","",IF(T14=TRUE,"يستحق العلاوة",IF(V14=TRUE,"قريبا يستحق العلاوة"," "))) | T14: =AND(MONTH(U14)=MONTH(R14),YEAR(U14)=YEAR(R14)) -> FALSE | U14: =TODAY() -> 46035 | V14: =AND(R14-U14<30,U14<R14) -> FALSE | AG14: =(((AD14*3)+(AE14*6)+(AF14*12))-AH14) -> 0 | AH14: =W14+X14 -> 0 | AK14: ملاك قديم | AL14: تم الترقية 2025 | AM14: scrypt:32768:8:1$N6haQ9ksbGovQWpE$d94df79625457f5de99ca58be341b66854ea13acda5a6613c6e0b1b905307b94caa307a37cc44d4302f81ebd8d3090f7e7deca0f9d0cf279a9b9ce21c10139a9 | AN14: 1 | AO14: 1 | AP14: ذكر
A15: 14 | B15: 106313589 | C15: منير جبار مرداو فضالة | D15: مدير تدقيق اقدم | E15: بكالوريوس علوم مالية ومصرفية | F15: 2 | G15: 5 | H15: =G15&"/"&F15 -> 5/2 | I15: =IF(G15="","",VLOOKUP(H15,ورقة1!$A$1:$B$240,2,0)) -> 791 | J15: =F15 -> 2 | K15: =IF(G15="","",G15+1) -> 6 | L15: =K15&"/"&J15 -> 6/2 | M15: =IF(K15="","",VLOOKUP(L15,ورقة1!$A$1:$B$240,2,0)) -> 808 | N15: =Z15+(AA15*30)+(AB15*365) -> 0 | O15: =#REF!+(#REF!*30)+#REF!*365 -> #REF! | P15: 45992 | Q15: =IF(P15="","",P15+365) -> 46357 | R15: =IF(P15="","",EDATE(P15,12+AG15)+AC15-N15) -> 46357 | S15: =IF(P15="","",IF(T15=TRUE,"يستحق العلاوة",IF(V15=TRUE,"قريبا يستحق العلاوة"," "))) | T15: =AND(MONTH(U15)=MONTH(R15),YEAR(U15)=YEAR(R15)) -> FALSE | U15: =TODAY() -> 46035 | V15: =AND(R15-U15<30,U15<R15) -> FALSE | AG15: =(((AD15*3)+(AE15*6)+(AF15*12))-AH15) -> 0 | AH15: =W15+X15 -> 0 | AM15: scrypt:32768:8:1$kaLiSRS4B885jMLq$1e62441076555cdba2cda94fe9ef36cec6f374804a648a2425c9d4d8be4fe8496ed07ca866d1f98974c2bb7478ab8b98861ea72bc9db20c2dc7535ba854c9cd1 | AN15: 1 | AO15: 1
A16: 15 | B16: 100268595 | C16: ناطق حمد مشتت حريب الدراجي | D16: مدير فني اقدم | E16: دبلوم كهرباء | F16: 2 | G16: 9 | H16: =G16&"/"&F16 -> 9/2 | I16: =IF(G16="","",VLOOKUP(H16,ورقة1!$A$1:$B$240,2,0)) -> 859 | J16: =F16 -> 2 | K16: =IF(G16="","",G16+1) -> 10 | L16: =K16&"/"&J16 -> 10/2 | M16: =IF(K16="","",VLOOKUP(L16,ورقة1!$A$1:$B$240,2,0)) -> 876 | N16: =Z16+(AA16*30)+(AB16*365) -> 0 | O16: =#REF!+(#REF!*30)+#REF!*365 -> #REF! | P16: 45932 | Q16: =IF(P16="","",P16+365) -> 46297 | R16: =IF(P16="","",EDATE(P16,12+AG16)+AC16-N16) -> 46297 | S16: =IF(P16="","",IF(T16=TRUE,"يستحق العلاوة",IF(V16=TRUE,"قريبا يستحق العلاوة"," "))) | T16: =AND(MONTH(U16)=MONTH(R16),YEAR(U16)=YEAR(R16)) -> FALSE | U16: =TODAY() -> 46035 | V16: =AND(R16-U16<30,U16<R16) -> FALSE | AG16: =(((AD16*3)+(AE16*6)+(AF16*12))-AH16) -> 0 | AH16: =W16+X16 -> 0 | AK16: ملاك قديم | AL16: تم الترقية | AM16: scrypt:32768:8:1$jeiqxKVM3QBHWXxZ$87ee7f17b1cbce818efa593eca785cfb5f3feda8af00f73a92c9b8fea14852cb319427a916ad72ca3358e2e86c0e2565c91bb1a646176581446d544804a87946 | AN16: 1 | AO16: 1 | AP16: ذكر
A17: 16 | B17: 100270699 | C17: وسن صباح عباس محمد الشجيري | D17: رئيس مهندسين اقدم | E17: بكالوريوس هندسة كهرباء | F17: 2 | G17: 1 | H17: =G17&"/"&F17 -> 1/2 | I17: =IF(G17="","",VLOOKUP(H17,ورقة1!$A$1:$B$240,2,0)) -> 723 | J17: =F17 -> 2 | K17: =IF(G17="","",G17+1) -> 2 | L17: =K17&"/"&J17 -> 2/2 | M17: =IF(K17="","",VLOOKUP(L17,ورقة1!$A$1:$B$240,2,0)) -> 740 | N17: =Z17+(AA17*30)+(AB17*365) -> 0 | O17: =#REF!+(#REF!*30)+#REF!*365 -> #REF! | P17: 45993 | Q17: =IF(P17="","",P17+365) -> 46358 | R17: =IF(P17="","",EDATE(P17,12+AG17)+AC17-N17) -> 46358 | S17: =IF(P17="","",IF(T17=TRUE,"يستحق العلاوة",IF(V17=TRUE,"قريبا يستحق العلاوة"," "))) | T17: =AND(MONTH(U17)=MONTH(R17),YEAR(U17)=YEAR(R17)) -> FALSE | U17: =TODAY() -> 46035 | V17: =AND(R17-U17<30,U17<R17) -> FALSE | AG17: =(((AD17*3)+(AE17*6)+(AF17*12))-AH17) -> 0 | AH17: =W17+X17 -> 0 | AK17: ملاك قديم | AL17: تم الترقية 2025 | AM17: scrypt:32768:8:1$jgWU5bYvl2pfypjz$f551d2d30cde0aaa504d2aab3a18d62d91213746acb13b5fc603c045ffa7e58d2dab0b8ac1b312e752a0d63158ab47bbd339eac3844dbf9d42afc411efb6f358 | AN17: 1 | AO17: 1 | AP17: انثى
A18: 17 | B18: 100269022 | C18: ابراهيم جاسم محسن جعفر الجمالي | D18: مدير فني | E18: اعدادية خطوط وقابلوات | F18: 3 | G18: 20 | H18: =G18&"/"&F18 -> 20/3 | I18: =IF(G18="","",VLOOKUP(H18,ورقة1!$A$1:$B$240,2,0)) -> 853 | J18: =F18 -> 3 | K18: =IF(G18="","",G18+1) -> 21 | L18: =K18&"/"&J18 -> 21/3 | M18: =IF(K18="","",VLOOKUP(L18,ورقة1!$A$1:$B$240,2,0)) -> 870 | N18: =Z18+(AA18*30)+(AB18*365) -> 0 | O18: =#REF!+(#REF!*30)+#REF!*365 -> #REF! | P18: 45932 | Q18: =IF(P18="","",P18+365) -> 46297 | R18: =IF(P18="","",EDATE(P18,12+AG18)+AC18-N18) -> 46297 | S18: =IF(P18="","",IF(T18=TRUE,"يستحق العلاوة",IF(V18=TRUE,"قريبا يستحق العلاوة"," "))) | T18: =AND(MONTH(U18)=MONTH(R18),YEAR(U18)=YEAR(R18)) -> FALSE | U18: =TODAY() -> 46035 | V18: =AND(R18-U18<30,U18<R18) -> FALSE | AG18: =(((AD18*3)+(AE18*6)+(AF18*12))-AH18) -> 0 | AH18: =W18+X18 -> 0 | AK18: ملاك قديم | AM18: scrypt:32768:8:1$E8bouBvuMTo7cMQ6$91a63a8c38a868943046dd27bfef0becf36b0e01a8e57d74115db3e6b125d4f0407a8de846195aa73ec18fb980d7a4d7877852728e35db1a9eeec3ba681b3ee6 | AN18: 1 | AO18: 1 | AP18: ذكر
A19: 18 | B19: 100264832 | C19: اجلال هوبي جبار ياسين العزاوي | D19: مدير حسابات | E19: بكالوريوس محاسبة | F19: 3 | G19: 5 | H19: =G19&"/"&F19 -> 5/3 | I19: =IF(G19="","",VLOOKUP(H19,ورقة1!$A$1:$B$240,2,0)) -> 640 | J19: =F19 -> 3 | K19: =IF(G19="","",G19+1) -> 6 | L19: =K19&"/"&J19 -> 6/3 | M19: =IF(K19="","",VLOOKUP(L19,ورقة1!$A$1:$B$240,2,0)) -> 650 | N19: =Z19+(AA19*30)+(AB19*365) -> 0 | O19: =#REF!+(#REF!*30)+#REF!*365 -> #REF! | P19: 45892 | Q19: =IF(P19="","",P19+365) -> 46257 | R19: =IF(P19="","",EDATE(P19,12+AG19)+AC19-N19) -> 46257 | S19: =IF(P19="","",IF(T19=TRUE,"يستحق العلاوة",IF(V19=TRUE,"قريبا يستحق العلاوة"," "))) | T19: =AND(MONTH(U19)=MONTH(R19),YEAR(U19)=YEAR(R19)) -> FALSE | U19: =TODAY() -> 46035 | V19: =AND(R19-U19<30,U19<R19) -> FALSE | AG19: =(((AD19*3)+(AE19*6)+(AF19*12))-AH19) -> 0 | AH19: =W19+X19 -> 0 | AK19: ملاك قديم | AM19: scrypt:32768:8:1$vRrvJkD5aJfEeiPj$f8e7bb81982b0aeb0e8591855b967740f195c3a1d8edfdd143d5ecdd256b46f45023be3fd535d336af423bc1091570b26d582c6ab08b99351501b553dae1e277 | AN19: 1 | AO19: 1 | AP19: انثى
A20: 19 | B20: 100269725 | C20: احمد قاسم محمد محمود القيسي | D20: رئيس مهندسين | E20: بكالوريوس هندسة كهرباء | F20: 3 | G20: 2 | H20: =G20&"/"&F20 -> 2/3 | I20: =IF(G20="","",VLOOKUP(H20,ورقة1!$A$1:$B$240,2,0)) -> 610 | J20: =F20 -> 3 | K20: =IF(G20="","",G20+1) -> 3 | L20: =K20&"/"&J20 -> 3/3 | M20: =IF(K20="","",VLOOKUP(L20,ورقة1!$A$1:$B$240,2,0)) -> 620 | N20: =Z20+(AA20*30)+(AB20*365) -> 0 | O20: =#REF!+(#REF!*30)+#REF!*365 -> #REF! | P20: 45935 | Q20: =IF(P20="","",P20+365) -> 46300 | R20: =IF(P20="","",EDATE(P20,12+AG20)+AC20-N20) -> 46208 | S20: =IF(P20="","",IF(T20=TRUE,"يستحق العلاوة",IF(V20=TRUE,"قريبا يستحق العلاوة"," "))) | T20: =AND(MONTH(U20)=MONTH(R20),YEAR(U20)=YEAR(R20)) -> FALSE | U20: =TODAY() -> 46035 | V20: =AND(R20-U20<30,U20<R20) -> FALSE | X20: 3 | Y20: 51990في 1/10/2025 57495في 23/10/2025 60534في 4/11/2025 | AG20: =(((AD20*3)+(AE20*6)+(AF20*12))-AH20) -> -3 | AH20: =W20+X20 -> 3 | AK20: ملاك قديم | AL20: تم الترقية 2025 | AM20: scrypt:32768:8:1$4lQ1zAi7deCxUiNz$4b65f168f91d25697ce58b56d5e664d7db3e829fe1d2217e10235fd266ce03a82971b6e8691cfc953accdb48e8a820292719d9762dae82c00b7dbf9ce45b498d | AN20: 1 | AO20: 1 | AP20: ذكر
A21: 20 | B21: 100269684 | C21: احمد محمود احمد حمادي الدليمي | D21: مدير فني | E21: اعدادية كهرباء | F21: 3 | G21: 13 | H21: =G21&"/"&F21 -> 13/3 | I21: =IF(G21="","",VLOOKUP(H21,ورقة1!$A$1:$B$240,2,0)) -> 734 | J21: =F21 -> 3 | K21: =IF(G21="","",G21+1) -> 14 | L21: =K21&"/"&J21 -> 14/3 | M21: =IF(K21="","",VLOOKUP(L21,ورقة1!$A$1:$B$240,2,0)) -> 751 | N21: =Z21+(AA21*30)+(AB21*365) -> 0 | O21: =#REF!+(#REF!*30)+#REF!*365 -> #REF! | P21: 45932 | Q21: =IF(P21="","",P21+365) -> 46297 | R21: =IF(P21="","",EDATE(P21,12+AG21)+AC21-N21) -> 46297 | S21: =IF(P21="","",IF(T21=TRUE,"يستحق العلاوة",IF(V21=TRUE,"قريبا يستحق العلاوة"," "))) | T21: =AND(MONTH(U21)=MONTH(R21),YEAR(U21)=YEAR(R21)) -> FALSE | U21: =TODAY() -> 46035 | V21: =AND(R21-U21<30,U21<R21) -> FALSE | AG21: =(((AD21*3)+(AE21*6)+(AF21*12))-AH21) -> 0 | AH21: =W21+X21 -> 0 | AK21: ملاك قديم | AM21: scrypt:32768:8:1$OlWMXUSoUJW9lJmd$2de99bb45f9ee02e8c80e3c6bf1777153e6a7d4fb14694c06d4cd0bdd28fadc378ebd4db5b59abbafce67a7770efe95c63bf1c0187069a42400d72aca60560ae | AN21: 1 | AO21: 1 | AP21: ذكر
A22: 21 | B22: 148862164 | C22: اسراء علي حسين ظاهر الجبوري | D22: مدير حسابات | E22: بكالوريوس محاسبة | F22: 3 | G22: 2 | H22: =G22&"/"&F22 -> 2/3 | I22: =IF(G22="","",VLOOKUP(H22,ورقة1!$A$1:$B$240,2,0)) -> 610 | J22: =F22 -> 3 | K22: =IF(G22="","",G22+1) -> 3 | L22: =K22&"/"&J22 -> 3/3 | M22: =IF(K22="","",VLOOKUP(L22,ورقة1!$A$1:$B$240,2,0)) -> 620 | N22: =Z22+(AA22*30)+(AB22*365) -> 0 | O22: =#REF!+(#REF!*30)+#REF!*365 -> #REF! | P22: 45685 | Q22: =IF(P22="","",P22+365) -> 46050 | R22: =IF(P22="","",EDATE(P22,12+AG22)+AC22-N22) -> 46050 | S22: =IF(P22="","",IF(T22=TRUE,"يستحق العلاوة",IF(V22=TRUE,"قريبا يستحق العلاوة"," "))) -> يستحق العلاوة | T22: =AND(MONTH(U22)=MONTH(R22),YEAR(U22)=YEAR(R22)) -> TRUE | U22: =TODAY() -> 46035 | V22: =AND(R22-U22<30,U22<R22) -> TRUE | AG22: =(((AD22*3)+(AE22*6)+(AF22*12))-AH22) -> 0 | AH22: =W22+X22 -> 0 | AK22: ملاك قديم | AL22: تم الترقية 2025 | AM22: scrypt:32768:8:1$JbUTqYMxy4aAHj5i$8e1057982ca928d05a31dcf1876a29e536a1fb3429c22388bbac4fcffd14c9adaf0beea375a690c33607d9663574d457b234d8886e1fac31e2c4035f28975722 | AN22: 1 | AO22: 1 | AP22: انثى
A23: 22 | B23: 100269712 | C23: اميمة محسن عبد نصار الجنابي | D23: رئيس مهندسين | E23: بكالوريوس هندسة | F23: 3 | G23: 3 | H23: =G23&"/"&F23 -> 3/3 | I23: =IF(G23="","",VLOOKUP(H23,ورقة1!$A$1:$B$240,2,0)) -> 620 | J23: =F23 -> 3 | K23: =IF(G23="","",G23+1) -> 4 | L23: =K23&"/"&J23 -> 4/3 | M23: =IF(K23="","",VLOOKUP(L23,ورقة1!$A$1:$B$240,2,0)) -> 630 | N23: =Z23+(AA23*30)+(AB23*365) -> 0 | O23: =#REF!+(#REF!*30)+#REF!*365 -> #REF! | P23: 45997 | Q23: =IF(P23="","",P23+365) -> 46362 | R23: =IF(P23="","",EDATE(P23,12+AG23)+AC23-N23) -> 46362 | S23: =IF(P23="","",IF(T23=TRUE,"يستحق العلاوة",IF(V23=TRUE,"قريبا يستحق العلاوة"," "))) | T23: =AND(MONTH(U23)=MONTH(R23),YEAR(U23)=YEAR(R23)) -> FALSE | U23: =TODAY() -> 46035 | V23: =AND(R23-U23<30,U23<R23) -> FALSE | AG23: =(((AD23*3)+(AE23*6)+(AF23*12))-AH23) -> 0 | AH23: =W23+X23 -> 0 | AK23: ملاك قديم | AL23: تم الترقية 2025 | AM23: scrypt:32768:8:1$ERaaG3priCEV7yeY$42d51d60da970e153d9811d2bbf418d6dcc6fc53538c90eca31f4b4fbcc2719d8b8a8a3735a6862d4bf6ae84f76a1ccdb0d9c82238899696141e19228313dcd3 | AN23: 1 | AO23: 1 | AP23: انثى
A24: 23 | B24: 148927520 | C24: اوراد عماد صبري جبار | D24: رئيس مهندسين | E24: بكالوريوس هندسة ميكانيك | F24: 3 | G24: 2 | H24: =G24&"/"&F24 -> 2/3 | I24: =IF(G24="","",VLOOKUP(H24,ورقة1!$A$1:$B$240,2,0)) -> 610 | J24: =F24 -> 3 | K24: =IF(G24="","",G24+1) -> 3 | L24: =K24&"/"&J24 -> 3/3 | M24: =IF(K24="","",VLOOKUP(L24,ورقة1!$A$1:$B$240,2,0)) -> 620 | N24: =Z24+(AA24*30)+(AB24*365) -> 0 | O24: =#REF!+(#REF!*30)+#REF!*365 -> #REF! | P24: 45952 | Q24: =IF(P24="","",P24+365) -> 46317 | R24: =IF(P24="","",EDATE(P24,12+AG24)+AC24-N24) -> 46317 | S24: =IF(P24="","",IF(T24=TRUE,"يستحق العلاوة",IF(V24=TRUE,"قريبا يستحق العلاوة"," "))) | T24: =AND(MONTH(U24)=MONTH(R24),YEAR(U24)=YEAR(R24)) -> FALSE | U24: =TODAY() -> 46035 | V24: =AND(R24-U24<30,U24<R24) -> FALSE | AG24: =(((AD24*3)+(AE24*6)+(AF24*12))-AH24) -> 0 | AH24: =W24+X24 -> 0 | AK24: ملاك قديم | AL24: تم الترقية2025 | AM24: scrypt:32768:8:1$7XSWpRyGCuT90T62$60725f030f4a402d649594e52e817b890bd82b60fd491a350181ca09a03e3afcc48f1e8e3d52a90ec9cf363d37bedc939043c2e14fcec28f1496b58e6a61fd91 | AN24: 1 | AO24: 1 | AP24: انثى
A25: 24 | B25: 148824726 | C25: اوس محسن عبد نصار الجنابي | D25: رئيس مهندسين | E25: ماجستير عبوم هندسة مواد | F25: 3 | G25: 1 | H25: =G25&"/"&F25 -> 1/3 | I25: =IF(G25="","",VLOOKUP(H25,ورقة1!$A$1:$B$240,2,0)) -> 600 | J25: =F25 -> 3 | K25: =IF(G25="","",G25+1) -> 2 | L25: =K25&"/"&J25 -> 2/3 | M25: =IF(K25="","",VLOOKUP(L25,ورقة1!$A$1:$B$240,2,0)) -> 610 | N25: =Z25+(AA25*30)+(AB25*365) -> 0 | O25: =#REF!+(#REF!*30)+#REF!*365 -> #REF! | P25: 46006 | Q25: =IF(P25="","",P25+365) -> 46371 | R25: =IF(P25="","",EDATE(P25,12+AG25)+AC25-N25) -> 46371 | S25: =IF(P25="","",IF(T25=TRUE,"يستحق العلاوة",IF(V25=TRUE,"قريبا يستحق العلاوة"," "))) | T25: =AND(MONTH(U25)=MONTH(R25),YEAR(U25)=YEAR(R25)) -> FALSE | U25: =TODAY() -> 46035 | V25: =AND(R25-U25<30,U25<R25) -> FALSE | AG25: =(((AD25*3)+(AE25*6)+(AF25*12))-AH25) -> 0 | AH25: =W25+X25 -> 0 | AK25: ملاك قديم | AL25: تم الترقية 2025 | AM25: scrypt:32768:8:1$sscTeaWyu4qtgxxe$a461e630e77c781bc0151a1af4719316506cce602d7b90dc935d1336b1757f66e023f6ea1bb26eb2f8e4caac29a8b571c8e542fc90e0d5324d2ffbf2b0515051 | AN25: 1 | AO25: 1 | AP25: ذكر
A26: 25 | B26: 100268508 | C26: ثائر حسن عيدان غيلان الربيعي | D26: مدير فني | E26: اعدادية سيارات | F26: 3 | G26: 20 | H26: =G26&"/"&F26 -> 20/3 | I26: =IF(G26="","",VLOOKUP(H26,ورقة1!$A$1:$B$240,2,0)) -> 853 | J26: =F26 -> 3 | K26: =IF(G26="","",G26+1) -> 21 | L26: =K26&"/"&J26 -> 21/3 | M26: =IF(K26="","",VLOOKUP(L26,ورقة1!$A$1:$B$240,2,0)) -> 870 | N26: =Z26+(AA26*30)+(AB26*365) -> 0 | O26: =#REF!+(#REF!*30)+#REF!*365 -> #REF! | P26: 45932 | Q26: =IF(P26="","",P26+365) -> 46297 | R26: =IF(P26="","",EDATE(P26,12+AG26)+AC26-N26) -> 46297 | S26: =IF(P26="","",IF(T26=TRUE,"يستحق العلاوة",IF(V26=TRUE,"قريبا يستحق العلاوة"," "))) | T26: =AND(MONTH(U26)=MONTH(R26),YEAR(U26)=YEAR(R26)) -> FALSE | U26: =TODAY() -> 46035 | V26: =AND(R26-U26<30,U26<R26) -> FALSE | AG26: =(((AD26*3)+(AE26*6)+(AF26*12))-AH26) -> 0 | AH26: =W26+X26 -> 0 | AK26: ملاك قديم | AM26: scrypt:32768:8:1$DEGWBVGQF9ys0VLr$4c0673ad384e8c2924b104a17f187485b12f5e04c311b371cd2617333e2e30eb1f9d71a3e6af7525c5c157fa42b03f585d52e27d8a4daeaea7abb42fee780003 | AN26: 1 | AO26: 1 | AP26: ذكر
A27: 26 | B27: 148824979 | C27: حيدر عبدالحسين كريم بريسم | D27: مشاور قانوني اقدم | E27: ماجستير قانون خاص | F27: 3 | G27: 1 | H27: =G27&"/"&F27 -> 1/3 | I27: =IF(G27="","",VLOOKUP(H27,ورقة1!$A$1:$B$240,2,0)) -> 600 | J27: =F27 -> 3 | K27: =IF(G27="","",G27+1) -> 2 | L27: =K27&"/"&J27 -> 2/3 | M27: =IF(K27="","",VLOOKUP(L27,ورقة1!$A$1:$B$240,2,0)) -> 610 | N27: =Z27+(AA27*30)+(AB27*365) -> 0 | O27: =#REF!+(#REF!*30)+#REF!*365 -> #REF! | P27: 45933 | Q27: =IF(P27="","",P27+365) -> 46298 | R27: =IF(P27="","",EDATE(P27,12+AG27)+AC27-N27) -> 46268 | S27: =IF(P27="","",IF(T27=TRUE,"يستحق العلاوة",IF(V27=TRUE,"قريبا يستحق العلاوة"," "))) | T27: =AND(MONTH(U27)=MONTH(R27),YEAR(U27)=YEAR(R27)) -> FALSE | U27: =TODAY() -> 46035 | V27: =AND(R27-U27<30,U27<R27) -> FALSE | X27: 1 | Y27: 61879في 10/11/2025 | AG27: =(((AD27*3)+(AE27*6)+(AF27*12))-AH27) -> -1 | AH27: =W27+X27 -> 1 | AK27: ملاك قديم | AL27: تم الترقية 2025 | AM27: scrypt:32768:8:1$xHAf0QMp2IJp83G7$6c7de435595be7ee2cb9ab2a678c3d307cb83b9fdeaf34c9cb4c507f859e7a2e906a1febe795191be5e1cf51487915a9ec24207007558419ca04b85b9e186972 | AN27: 1 | AO27: 1 | AP27: ذكر
A28: 27 | B28: 100249644 | C28: خالد حسن لازم عيسى الفريجي | D28: مشاور قانوني اقدم | E28: ماجستير قانون | F28: 3 | G28: 4 | H28: =G28&"/"&F28 -> 4/3 | I28: =IF(G28="","",VLOOKUP(H28,ورقة1!$A$1:$B$240,2,0)) -> 630 | J28: =F28 -> 3 | K28: =IF(G28="","",G28+1) -> 5 | L28: =K28&"/"&J28 -> 5/3 | M28: =IF(K28="","",VLOOKUP(L28,ورقة1!$A$1:$B$240,2,0)) -> 640 | N28: =Z28+(AA28*30)+(AB28*365) -> 0 | O28: =#REF!+(#REF!*30)+#REF!*365 -> #REF! | P28: 45998 | Q28: =IF(P28="","",P28+365) -> 46363 | R28: =IF(P28="","",EDATE(P28,12+AG28)+AC28-N28) -> 46363 | S28: =IF(P28="","",IF(T28=TRUE,"يستحق العلاوة",IF(V28=TRUE,"قريبا يستحق العلاوة"," "))) | T28: =AND(MONTH(U28)=MONTH(R28),YEAR(U28)=YEAR(R28)) -> FALSE | U28: =TODAY() -> 46035 | V28: =AND(R28-U28<30,U28<R28) -> FALSE | AG28: =(((AD28*3)+(AE28*6)+(AF28*12))-AH28) -> 0 | AH28: =W28+X28 -> 0 | AK28: ملاك قديم | AM28: scrypt:32768:8:1$gPt5CdM0cYHrLJpB$0e173f4cc2b1c871e268b7c63e53d26bc5802e45df4eecf82aff643fc94a1906103f714522c23a0d396a2fab852f5f2ceebd1bf6d5753a304e2d9c97c923937d | AN28: 1 | AO28: 1 | AP28: ذكر
A29: 28 | B29: 100268537 | C29: خالد سالم حمدي حسن الحيالي | D29: مدير فني | E29: اعدادية صناعة تشغيل وحدات | F29: 3 | G29: 6 | H29: =G29&"/"&F29 -> 6/3 | I29: =IF(G29="","",VLOOKUP(H29,ورقة1!$A$1:$B$240,2,0)) -> 650 | J29: =F29 -> 3 | K29: =IF(G29="","",G29+1) -> 7 | L29: =K29&"/"&J29 -> 7/3 | M29: =IF(K29="","",VLOOKUP(L29,ورقة1!$A$1:$B$240,2,0)) -> 660 | N29: =Z29+(AA29*30)+(AB29*365) -> 0 | O29: =#REF!+(#REF!*30)+#REF!*365 -> #REF! | P29: 45932 | Q29: =IF(P29="","",P29+365) -> 46297 | R29: =IF(P29="","",EDATE(P29,12+AG29)+AC29-N29) -> 46297 | S29: =IF(P29="","",IF(T29=TRUE,"يستحق العلاوة",IF(V29=TRUE,"قريبا يستحق العلاوة"," "))) | T29: =AND(MONTH(U29)=MONTH(R29),YEAR(U29)=YEAR(R29)) -> FALSE | U29: =TODAY() -> 46035 | V29: =AND(R29-U29<30,U29<R29) -> FALSE | AG29: =(((AD29*3)+(AE29*6)+(AF29*12))-AH29) -> 0 | AH29: =W29+X29 -> 0 | AK29: ملاك قديم | AM29: scrypt:32768:8:1$9XKMm6UuKSTJXDLw$fd64c58d143006811dfb2a46195032152c967f0e6386f867b5cc9df60670c67a9a0ce756b7a32fa70c550b557fc395900050044cc8f2e122ec0eb7e095e1be56 | AN29: 1 | AO29: 1 | AP29: ذكر
A30: 29 | B30: 100270701 | C30: دينا طارق سعيد شريف الصواف | D30: رئيس مهندسين | E30: بكالوريوس علوم في الهندسة الميكانيكية | F30: 3 | G30: 3 | H30: =G30&"/"&F30 -> 3/3 | I30: =IF(G30="","",VLOOKUP(H30,ورقة1!$A$1:$B$240,2,0)) -> 620 | J30: =F30 -> 3 | K30: =IF(G30="","",G30+1) -> 4 | L30: =K30&"/"&J30 -> 4/3 | M30: =IF(K30="","",VLOOKUP(L30,ورقة1!$A$1:$B$240,2,0)) -> 630 | N30: =Z30+(AA30*30)+(AB30*365) -> 0 | O30: =#REF!+(#REF!*30)+#REF!*365 -> #REF! | P30: 45881 | Q30: =IF(P30="","",P30+365) -> 46246 | R30: =IF(P30="","",EDATE(P30,12+AG30)+AC30-N30) -> 46246 | S30: =IF(P30="","",IF(T30=TRUE,"يستحق العلاوة",IF(V30=TRUE,"قريبا يستحق العلاوة"," "))) | T30: =AND(MONTH(U30)=MONTH(R30),YEAR(U30)=YEAR(R30)) -> FALSE | U30: =TODAY() -> 46035 | V30: =AND(R30-U30<30,U30<R30) -> FALSE | AG30: =(((AD30*3)+(AE30*6)+(AF30*12))-AH30) -> 0 | AH30: =W30+X30 -> 0 | AK30: ملاك قديم | AL30: تم الترقية | AM30: scrypt:32768:8:1$1VmH70aNiRFx9B9I$311da3ab6c7e889899881d0f105cbcec6312096408f217ff2782407d8e134dc3c89b9fab723988109140497e0ec413d3a0e01490d2a1bc8b08feaa6a1c7fdc8e | AN30: 1 | AO30: 1 | AP30: انثى
A31: 30 | B31: 100270871 | C31: رعد مديح جميل محمد النعيمي | D31: مدير فني | E31: اعدادية كهرباء | F31: 3 | G31: 9 | H31: =G31&"/"&F31 -> 9/3 | I31: =IF(G31="","",VLOOKUP(H31,ورقة1!$A$1:$B$240,2,0)) -> 680 | J31: =F31 -> 3 | K31: =IF(G31="","",G31+1) -> 10 | L31: =K31&"/"&J31 -> 10/3 | M31: =IF(K31="","",VLOOKUP(L31,ورقة1!$A$1:$B$240,2,0)) -> 690 | N31: =Z31+(AA31*30)+(AB31*365) -> 0 | O31: =#REF!+(#REF!*30)+#REF!*365 -> #REF! | P31: 45932 | Q31: =IF(P31="","",P31+365) -> 46297 | R31: =IF(P31="","",EDATE(P31,12+AG31)+AC31-N31) -> 46297 | S31: =IF(P31="","",IF(T31=TRUE,"يستحق العلاوة",IF(V31=TRUE,"قريبا يستحق العلاوة"," "))) | T31: =AND(MONTH(U31)=MONTH(R31),YEAR(U31)=YEAR(R31)) -> FALSE | U31: =TODAY() -> 46035 | V31: =AND(R31-U31<30,U31<R31) -> FALSE | AG31: =(((AD31*3)+(AE31*6)+(AF31*12))-AH31) -> 0 | AH31: =W31+X31 -> 0 | AK31: ملاك قديم | AL31: تم الترقية | AM31: scrypt:32768:8:1$DjP9T3c2Sl3iTPoN$7d4f42dc7cfd2f2d925ec5f3a4b3a74caaaa9c6061069ecceca982d5b6d8fadc096ec7eab8144503bafadd231f39783264fcc5a14c1113a68d2be535ddb69103 | AN31: 1 | AO31: 1 | AP31: ذكر
A32: 31 | B32: 100256628 | C32: زهراء خالد عثمان ناجي | D32: مدير | E32: بكالوريوس اعلام | F32: 3 | G32: 5 | H32: =G32&"/"&F32 -> 5/3 | I32: =IF(G32="","",VLOOKUP(H32,ورقة1!$A$1:$B$240,2,0)) -> 640 | J32: =F32 -> 3 | K32: =IF(G32="","",G32+1) -> 6 | L32: =K32&"/"&J32 -> 6/3 | M32: =IF(K32="","",VLOOKUP(L32,ورقة1!$A$1:$B$240,2,0)) -> 650 | N32: =Z32+(AA32*30)+(AB32*365) -> 0 | O32: =#REF!+(#REF!*30)+#REF!*365 -> #REF! | P32: 45991 | Q32: =IF(P32="","",P32+365) -> 46356 | R32: =IF(P32="","",EDATE(P32,12+AG32)+AC32-N32) -> 46356 | S32: =IF(P32="","",IF(T32=TRUE,"يستحق العلاوة",IF(V32=TRUE,"قريبا يستحق العلاوة"," "))) | T32: =AND(MONTH(U32)=MONTH(R32),YEAR(U32)=YEAR(R32)) -> FALSE | U32: =TODAY() -> 46035 | V32: =AND(R32-U32<30,U32<R32) -> FALSE | AG32: =(((AD32*3)+(AE32*6)+(AF32*12))-AH32) -> 0 | AH32: =W32+X32 -> 0 | AK32: ملاك قديم | AM32: scrypt:32768:8:1$jhtzC9R3kppjxU0f$9a90b6baccd20e2d071dc7bf14088d8301cb01b6a0bcc5f05a16250a1a74f8da2c322fbe4bd5e550f87a5aff9fb07746bdbc288e7831de1437861c0af19f5ea9 | AN32: 1 | AO32: 1 | AP32: انثى
A33: 32 | B33: 100269303 | C33: سيف باسم محمد احمد الطائي | D33: رئيس مهندسين | E33: بكالوريوس هندسة كهرباء | F33: 3 | G33: 3 | H33: =G33&"/"&F33 -> 3/3 | I33: =IF(G33="","",VLOOKUP(H33,ورقة1!$A$1:$B$240,2,0)) -> 620 | J33: =F33 -> 3 | K33: =IF(G33="","",G33+1) -> 4 | L33: =K33&"/"&J33 -> 4/3 | M33: =IF(K33="","",VLOOKUP(L33,ورقة1!$A$1:$B$240,2,0)) -> 630 | N33: =Z33+(AA33*30)+(AB33*365) -> 0 | O33: =#REF!+(#REF!*30)+#REF!*365 -> #REF! | P33: 45954 | Q33: =IF(P33="","",P33+365) -> 46319 | R33: =IF(P33="","",EDATE(P33,12+AG33)+AC33-N33) -> 46289 | S33: =IF(P33="","",IF(T33=TRUE,"يستحق العلاوة",IF(V33=TRUE,"قريبا يستحق العلاوة"," "))) | T33: =AND(MONTH(U33)=MONTH(R33),YEAR(U33)=YEAR(R33)) -> FALSE | U33: =TODAY() -> 46035 | V33: =AND(R33-U33<30,U33<R33) -> FALSE | X33: 1 | Y33: 52711في 6/10/2025 | AG33: =(((AD33*3)+(AE33*6)+(AF33*12))-AH33) -> -1 | AH33: =W33+X33 -> 1 | AK33: ملاك قديم | AL33: تم الترقية 2025 | AM33: scrypt:32768:8:1$8renDmkkGgfFmbP1$53bfd946b21f935216c1593d9ff18ba714a9b876ee1444c9e03e87d3497f549aece03293e0ec0d8458efdd16ff22d9c83d74d43e61a7cd3380329f596acfbc1a | AN33: 1 | AO33: 1 | AP33: ذكر
A34: 33 | B34: 100268540 | C34: طلال كامل عبدالله حسين العزاوي | D34: مدير فني | E34: اعدادية ميكانيك | F34: 3 | G34: 12 | H34: =G34&"/"&F34 -> 12/3 | I34: =IF(G34="","",VLOOKUP(H34,ورقة1!$A$1:$B$240,2,0)) -> 717 | J34: =F34 -> 3 | K34: =IF(G34="","",G34+1) -> 13 | L34: =K34&"/"&J34 -> 13/3 | M34: =IF(K34="","",VLOOKUP(L34,ورقة1!$A$1:$B$240,2,0)) -> 734 | N34: =Z34+(AA34*30)+(AB34*365) -> 0 | O34: =#REF!+(#REF!*30)+#REF!*365 -> #REF! | P34: 45932 | Q34: =IF(P34="","",P34+365) -> 46297 | R34: =IF(P34="","",EDATE(P34,12+AG34)+AC34-N34) -> 46267 | S34: =IF(P34="","",IF(T34=TRUE,"يستحق العلاوة",IF(V34=TRUE,"قريبا يستحق العلاوة"," "))) | T34: =AND(MONTH(U34)=MONTH(R34),YEAR(U34)=YEAR(R34)) -> FALSE | U34: =TODAY() -> 46035 | V34: =AND(R34-U34<30,U34<R34) -> FALSE | X34: 1 | Y34: 53813في 8/10/2025 | AG34: =(((AD34*3)+(AE34*6)+(AF34*12))-AH34) -> -1 | AH34: =W34+X34 -> 1 | AK34: ملاك قديم | AM34: scrypt:32768:8:1$q1y3q3EJ9MXGPaec$bdae9525b9f87a1c3c0fa5d3c46560775282e94bd8b511706cf35ba1e843a65fa98c37b991b63cfc321b2f137f8f31f46be7e5733c4da0813b15694341adeb23 | AN34: 1 | AO34: 1 | AP34: ذكر
A35: 34 | B35: 100269811 | C35: عبدالرحيم حافظ نعيم عذاري الميالي | D35: مدير فني | E35: اعدادية تشغيل وحدات | F35: 3 | G35: 14 | H35: =G35&"/"&F35 -> 14/3 | I35: =IF(G35="","",VLOOKUP(H35,ورقة1!$A$1:$B$240,2,0)) -> 751 | J35: =F35 -> 3 | K35: =IF(G35="","",G35+1) -> 15 | L35: =K35&"/"&J35 -> 15/3 | M35: =IF(K35="","",VLOOKUP(L35,ورقة1!$A$1:$B$240,2,0)) -> 768 | N35: =Z35+(AA35*30)+(AB35*365) -> 0 | O35: =#REF!+(#REF!*30)+#REF!*365 -> #REF! | P35: 45932 | Q35: =IF(P35="","",P35+365) -> 46297 | R35: =IF(P35="","",EDATE(P35,12+AG35)+AC35-N35) -> 46297 | S35: =IF(P35="","",IF(T35=TRUE,"يستحق العلاوة",IF(V35=TRUE,"قريبا يستحق العلاوة"," "))) | T35: =AND(MONTH(U35)=MONTH(R35),YEAR(U35)=YEAR(R35)) -> FALSE | U35: =TODAY() -> 46035 | V35: =AND(R35-U35<30,U35<R35) -> FALSE | AG35: =(((AD35*3)+(AE35*6)+(AF35*12))-AH35) -> 0 | AH35: =W35+X35 -> 0 | AK35: ملاك قديم | AM35: scrypt:32768:8:1$Bsm4wsBlQ8VwAzJ4$15a4d42efdf960ca2875a7e58bfafe30c3cc5a5732e8799657adf7082ccc4c787b46a87bae87692993e97620b13e54b51b443eae498bbe7ae138988e799cf432 | AN35: 1 | AO35: 1 | AP35: ذكر
A36: 35 | B36: 148842645 | C36: عبداللطيف حسين علي عباس | D36: مدير فني | E36: اعدادية كهرباء | F36: 3 | G36: 1 | H36: =G36&"/"&F36 -> 1/3 | I36: =IF(G36="","",VLOOKUP(H36,ورقة1!$A$1:$B$240,2,0)) -> 600 | J36: =F36 -> 3 | K36: =IF(G36="","",G36+1) -> 2 | L36: =K36&"/"&J36 -> 2/3 | M36: =IF(K36="","",VLOOKUP(L36,ورقة1!$A$1:$B$240,2,0)) -> 610 | N36: =Z36+(AA36*30)+(AB36*365) -> 26 | O36: =#REF!+(#REF!*30)+#REF!*365 -> #REF! | P36: 45900 | Q36: =IF(P36="","",P36+365) -> 46265 | R36: =IF(P36="","",EDATE(P36,12+AG36)+AC36-N36) -> 46239 | S36: =IF(P36="","",IF(T36=TRUE,"يستحق العلاوة",IF(V36=TRUE,"قريبا يستحق العلاوة"," "))) | T36: =AND(MONTH(U36)=MONTH(R36),YEAR(U36)=YEAR(R36)) -> FALSE | U36: =TODAY() -> 46035 | V36: =AND(R36-U36<30,U36<R36) -> FALSE | Z36: 26 | AG36: =(((AD36*3)+(AE36*6)+(AF36*12))-AH36) -> 0 | AH36: =W36+X36 -> 0 | AK36: ملاك قديم | AL36: تم الترقية 2025 | AM36: scrypt:32768:8:1$o9G7vJEFHhdBk858$f0b819b34c6d0d22deff067b99ff516f116b64e627236ee8d71c86e977255ec4d1ef3ebd3d1e3b14ad71c309042e62199b7b7a7db7078c83c363e145114ca332 | AN36: 1 | AO36: 1 | AP36: ذكر
A37: 36 | B37: 100253616 | C37: عدي عادل عبد علي | D37: مدير فني | E37: اعدادية صناعة سيارات | F37: 3 | G37: 2 | H37: =G37&"/"&F37 -> 2/3 | I37: =IF(G37="","",VLOOKUP(H37,ورقة1!$A$1:$B$240,2,0)) -> 610 | J37: =F37 -> 3 | K37: =IF(G37="","",G37+1) -> 3 | L37: =K37&"/"&J37 -> 3/3 | M37: =IF(K37="","",VLOOKUP(L37,ورقة1!$A$1:$B$240,2,0)) -> 620 | N37: =Z37+(AA37*30)+(AB37*365) -> 0 | O37: =#REF!+(#REF!*30)+#REF!*365 -> #REF! | P37: 45895 | Q37: =IF(P37="","",P37+365) -> 46260 | R37: =IF(P37="","",EDATE(P37,12+AG37)+AC37-N37) -> 46260 | S37: =IF(P37="","",IF(T37=TRUE,"يستحق العلاوة",IF(V37=TRUE,"قريبا يستحق العلاوة"," "))) | T37: =AND(MONTH(U37)=MONTH(R37),YEAR(U37)=YEAR(R37)) -> FALSE | U37: =TODAY() -> 46035 | V37: =AND(R37-U37<30,U37<R37) -> FALSE | AG37: =(((AD37*3)+(AE37*6)+(AF37*12))-AH37) -> 0 | AH37: =W37+X37 -> 0 | AM37: scrypt:32768:8:1$c7mNH5AAGKwaosFH$2e2a11322e5f01d731f563bff24ff258e14a8a8e054897a3b7d56a68afa17780f3fd05e29424ff7784d24e6a60430cab69bd583761fb45d1d9c18983d036830b | AN37: 1 | AO37: 1 | AP37: ذكر
A38: 37 | B38: 100243969 | C38: فاضل محمود عباس سلمان الدوري | D38: مدير فني | E38: اعدادية ميكانيك | F38: 3 | G38: 19 | H38: =G38&"/"&F38 -> 19/3 | I38: =IF(G38="","",VLOOKUP(H38,ورقة1!$A$1:$B$240,2,0)) -> 836 | J38: =F38 -> 3 | K38: =IF(G38="","",G38+1) -> 20 | L38: =K38&"/"&J38 -> 20/3 | M38: =IF(K38="","",VLOOKUP(L38,ورقة1!$A$1:$B$240,2,0)) -> 853 | N38: =Z38+(AA38*30)+(AB38*365) -> 0 | O38: =#REF!+(#REF!*30)+#REF!*365 -> #REF! | P38: 45932 | Q38: =IF(P38="","",P38+365) -> 46297 | R38: =IF(P38="","",EDATE(P38,12+AG38)+AC38-N38) -> 46297 | S38: =IF(P38="","",IF(T38=TRUE,"يستحق العلاوة",IF(V38=TRUE,"قريبا يستحق العلاوة"," "))) | T38: =AND(MONTH(U38)=MONTH(R38),YEAR(U38)=YEAR(R38)) -> FALSE | U38: =TODAY() -> 46035 | V38: =AND(R38-U38<30,U38<R38) -> FALSE | AG38: =(((AD38*3)+(AE38*6)+(AF38*12))-AH38) -> 0 | AH38: =W38+X38 -> 0 | AK38: ملاك قديم | AM38: scrypt:32768:8:1$n24ENFhrJ9MgNfgo$5f78487963a55ec1085b8dcbc545833113217e6913b58af707227ee27e4384704290947af99025100ce36646d54ef0c008426d0e9982191e24de47ff3d6a36e7 | AN38: 1 | AO38: 1 | AP38: ذكر
A39: 38 | B39: 100553321 | C39: فرات سلمان جاسم محمد البياتي | D39: رئيس مهندسين | E39: بكالوريوس هندسة ميكانيك | F39: 3 | G39: 5 | H39: =G39&"/"&F39 -> 5/3 | I39: =IF(G39="","",VLOOKUP(H39,ورقة1!$A$1:$B$240,2,0)) -> 640 | J39: =F39 -> 3 | K39: =IF(G39="","",G39+1) -> 6 | L39: =K39&"/"&J39 -> 6/3 | M39: =IF(K39="","",VLOOKUP(L39,ورقة1!$A$1:$B$240,2,0)) -> 650 | N39: =Z39+(AA39*30)+(AB39*365) -> 0 | O39: =#REF!+(#REF!*30)+#REF!*365 -> #REF! | P39: 45955 | Q39: =IF(P39="","",P39+365) -> 46320 | R39: =IF(P39="","",EDATE(P39,12+AG39)+AC39-N39) -> 46259 | S39: =IF(P39="","",IF(T39=TRUE,"يستحق العلاوة",IF(V39=TRUE,"قريبا يستحق العلاوة"," "))) | T39: =AND(MONTH(U39)=MONTH(R39),YEAR(U39)=YEAR(R39)) -> FALSE | U39: =TODAY() -> 46035 | V39: =AND(R39-U39<30,U39<R39) -> FALSE | X39: 2 | Y39: 60990في 5/11/2025 74314 في 31/12/2025 | AG39: =(((AD39*3)+(AE39*6)+(AF39*12))-AH39) -> -2 | AH39: =W39+X39 -> 2 | AK39: ملاك قديم | AL39: 4912 في 27/1/2025 9103في13/2/2025 14442في 13/3/2025 10986في 24/2025 11781 في 27/2/2025 10986في 24/2/2025 18526في 14/4/2025 قدم 6 اشهر 17745في 9/4/2025 20916في 24/4/2025 21547في 28/4/2025 26795في 28/5/2025 54636في 12/10/2025 60990في 5/11/2025 | AM39: scrypt:32768:8:1$V0uU7Fb3nyMLNuiF$788be432d4e0f4abe6942992cf52957a7e1ce993884a852bd2ac8ff8a12ec113927cfc90b9129c28415b00eb62baa1ee1b88daa00da9945918ba8e903a1a3771 | AN39: 1 | AO39: 1 | AP39: ذكر
A40: 39 | B40: 100277179 | C40: فرهان مزاحم ياسين عبود الغريري | D40: مدير | E40: بكالوريوس علوم عسكرية | F40: 3 | G40: 5 | H40: =G40&"/"&F40 -> 5/3 | I40: =IF(G40="","",VLOOKUP(H40,ورقة1!$A$1:$B$240,2,0)) -> 640 | J40: =F40 -> 3 | K40: =IF(G40="","",G40+1) -> 6 | L40: =K40&"/"&J40 -> 6/3 | M40: =IF(K40="","",VLOOKUP(L40,ورقة1!$A$1:$B$240,2,0)) -> 650 | N40: =Z40+(AA40*30)+(AB40*365) -> 0 | O40: =#REF!+(#REF!*30)+#REF!*365 -> #REF! | P40: 45821 | Q40: =IF(P40="","",P40+365) -> 46186 | R40: =IF(P40="","",EDATE(P40,12+AG40)+AC40-N40) -> 46155 | S40: =IF(P40="","",IF(T40=TRUE,"يستحق العلاوة",IF(V40=TRUE,"قريبا يستحق العلاوة"," "))) | T40: =AND(MONTH(U40)=MONTH(R40),YEAR(U40)=YEAR(R40)) -> FALSE | U40: =TODAY() -> 46035 | V40: =AND(R40-U40<30,U40<R40) -> FALSE | X40: 1 | Y40: 53813في 8/10/2025 | AG40: =(((AD40*3)+(AE40*6)+(AF40*12))-AH40) -> -1 | AH40: =W40+X40 -> 1 | AK40: ملاك قديم | AM40: scrypt:32768:8:1$AkmoUDrvc9JXhtCl$08571393a4be742b9b13f1803b848d2bf0dbaf670f0ee30392533469ffa25875cb05bb4ee0b8a7e7800b3f428722e9036e4a2acefe9b0419084f257b2fa78020 | AN40: 1 | AO40: 1 | AP40: ذكر
A41: 40 | B41: 100269345 | C41: فلاح حسن محسن درباش الشميل | D41: مدير فني | E41: اعدادية علمي | F41: 3 | G41: 13 | H41: =G41&"/"&F41 -> 13/3 | I41: =IF(G41="","",VLOOKUP(H41,ورقة1!$A$1:$B$240,2,0)) -> 734 | J41: =F41 -> 3 | K41: =IF(G41="","",G41+1) -> 14 | L41: =K41&"/"&J41 -> 14/3 | M41: =IF(K41="","",VLOOKUP(L41,ورقة1!$A$1:$B$240,2,0)) -> 751 | N41: =Z41+(AA41*30)+(AB41*365) -> 0 | O41: =#REF!+(#REF!*30)+#REF!*365 -> #REF! | P41: 45932 | Q41: =IF(P41="","",P41+365) -> 46297 | R41: =IF(P41="","",EDATE(P41,12+AG41)+AC41-N41) -> 46297 | S41: =IF(P41="","",IF(T41=TRUE,"يستحق العلاوة",IF(V41=TRUE,"قريبا يستحق العلاوة"," "))) | T41: =AND(MONTH(U41)=MONTH(R41),YEAR(U41)=YEAR(R41)) -> FALSE | U41: =TODAY() -> 46035 | V41: =AND(R41-U41<30,U41<R41) -> FALSE | AG41: =(((AD41*3)+(AE41*6)+(AF41*12))-AH41) -> 0 | AH41: =W41+X41 -> 0 | AK41: ملاك قديم | AM41: scrypt:32768:8:1$f2rPtu5HpfumXX3l$336c0078bb948bc0eb3ac2130dc76162da3731da59335a233005cc84d13bf6e24fd5869813794347a9a5dcda4ba18eca6708070826528982ecb2e55871fafece | AN41: 1 | AO41: 1 | AP41: ذكر
A42: 41 | B42: 100273784 | C42: محمد عبد عصواد دشور الزييدي | D42: رئيس مهندسين | E42: بكالوريوس هندسة مدني | F42: 3 | G42: 4 | H42: =G42&"/"&F42 -> 4/3 | I42: =IF(G42="","",VLOOKUP(H42,ورقة1!$A$1:$B$240,2,0)) -> 630 | J42: =F42 -> 3 | K42: =IF(G42="","",G42+1) -> 5 | L42: =K42&"/"&J42 -> 5/3 | M42: =IF(K42="","",VLOOKUP(L42,ورقة1!$A$1:$B$240,2,0)) -> 640 | N42: =Z42+(AA42*30)+(AB42*365) -> 0 | O42: =#REF!+(#REF!*30)+#REF!*365 -> #REF! | P42: 45729 | Q42: =IF(P42="","",P42+365) -> 46094 | R42: =IF(P42="","",EDATE(P42,12+AG42)+AC42-N42) -> 46094 | S42: =IF(P42="","",IF(T42=TRUE,"يستحق العلاوة",IF(V42=TRUE,"قريبا يستحق العلاوة"," "))) | T42: =AND(MONTH(U42)=MONTH(R42),YEAR(U42)=YEAR(R42)) -> FALSE | U42: =TODAY() -> 46035 | V42: =AND(R42-U42<30,U42<R42) -> FALSE | AG42: =(((AD42*3)+(AE42*6)+(AF42*12))-AH42) -> 0 | AH42: =W42+X42 -> 0 | AK42: ملاك قديم | AM42: scrypt:32768:8:1$NeffFAqSRFFwPb4b$0fdcfb1eec4407f723b1f4f3ea25095f7cecff7c133d1621030249809a1b5f2a82f9fb36dbbe62e43dc7bcf3f8b28e273ecce0c00daf1ae95e3f255fbc092938 | AN42: 1 | AO42: 1 | AP42: ذكر
A43: 42 | B43: 100269415 | C43: محمد قاسم محمد محمود القيسي | D43: رئيس مهندسين | E43: بكالوريوس هندسة كهرباء | F43: 3 | G43: 2 | H43: =G43&"/"&F43 -> 2/3 | I43: =IF(G43="","",VLOOKUP(H43,ورقة1!$A$1:$B$240,2,0)) -> 610 | J43: =F43 -> 3 | K43: =IF(G43="","",G43+1) -> 3 | L43: =K43&"/"&J43 -> 3/3 | M43: =IF(K43="","",VLOOKUP(L43,ورقة1!$A$1:$B$240,2,0)) -> 620 | N43: =Z43+(AA43*30)+(AB43*365) -> 0 | O43: =#REF!+(#REF!*30)+#REF!*365 -> #REF! | P43: 45905 | Q43: =IF(P43="","",P43+365) -> 46270 | R43: =IF(P43="","",EDATE(P43,12+AG43)+AC43-N43) -> 46239 | S43: =IF(P43="","",IF(T43=TRUE,"يستحق العلاوة",IF(V43=TRUE,"قريبا يستحق العلاوة"," "))) | T43: =AND(MONTH(U43)=MONTH(R43),YEAR(U43)=YEAR(R43)) -> FALSE | U43: =TODAY() -> 46035 | V43: =AND(R43-U43<30,U43<R43) -> FALSE | X43: 1 | Y43: 60534في 4/11/2025 | AG43: =(((AD43*3)+(AE43*6)+(AF43*12))-AH43) -> -1 | AH43: =W43+X43 -> 1 | AK43: ملاك قديم | AL43: تم الترقية 2025 | AM43: scrypt:32768:8:1$ibILo8iTu6DWQbby$cd0308ef68f0f1bbecef6f261ebab706f5d1e60156ef18287385a04ad49a30925f5d7daee9810b976bfd9ba4a9f8a4b98c41a19a42d78ef628e8218cd54c0e76 | AN43: 1 | AO43: 1 | AP43: ذكر
A44: 43 | B44: 148855490 | C44: محمد كامل سعيد حسين العبيدي | D44: رئيس مهندسين زراعي | E44: بكالوريوس هندسة زراعة | F44: 3 | G44: 5 | H44: =G44&"/"&F44 -> 5/3 | I44: =IF(G44="","",VLOOKUP(H44,ورقة1!$A$1:$B$240,2,0)) -> 640 | J44: =F44 -> 3 | K44: =IF(G44="","",G44+1) -> 6 | L44: =K44&"/"&J44 -> 6/3 | M44: =IF(K44="","",VLOOKUP(L44,ورقة1!$A$1:$B$240,2,0)) -> 650 | N44: =Z44+(AA44*30)+(AB44*365) -> 0 | O44: =#REF!+(#REF!*30)+#REF!*365 -> #REF! | P44: 45992 | Q44: =IF(P44="","",P44+365) -> 46357 | R44: =IF(P44="","",EDATE(P44,12+AG44)+AC44-N44) -> 46357 | S44: =IF(P44="","",IF(T44=TRUE,"يستحق العلاوة",IF(V44=TRUE,"قريبا يستحق العلاوة"," "))) | T44: =AND(MONTH(U44)=MONTH(R44),YEAR(U44)=YEAR(R44)) -> FALSE | U44: =TODAY() -> 46035 | V44: =AND(R44-U44<30,U44<R44) -> FALSE | AG44: =(((AD44*3)+(AE44*6)+(AF44*12))-AH44) -> 0 | AH44: =W44+X44 -> 0 | AK44: ملاك قديم | AL44: تم الترقية | AM44: scrypt:32768:8:1$Si71u0iVvA33ryUH$b84a2b16dc23ee876226817b0afe67315727de4b076e93c34e2ce554db236f065bf4edc4599797341788a3ef1b308815f29ce0e770572a722773d73f29d23ac7 | AN44: 1 | AO44: 1 | AP44: ذكر
A45: 44 | B45: 100253463 | C45: محمد لطيف عباس عبدالرضا الزيرجاوي | D45: مدير | E45: بكالوريوس تاريخ | F45: 3 | G45: 18 | H45: =G45&"/"&F45 -> 18/3 | I45: =IF(G45="","",VLOOKUP(H45,ورقة1!$A$1:$B$240,2,0)) -> 819 | J45: =F45 -> 3 | K45: =IF(G45="","",G45+1) -> 19 | L45: =K45&"/"&J45 -> 19/3 | M45: =IF(K45="","",VLOOKUP(L45,ورقة1!$A$1:$B$240,2,0)) -> 836 | N45: =Z45+(AA45*30)+(AB45*365) -> 0 | O45: =#REF!+(#REF!*30)+#REF!*365 -> #REF! | P45: 45992 | Q45: =IF(P45="","",P45+365) -> 46357 | R45: =IF(P45="","",EDATE(P45,12+AG45)+AC45-N45) -> 46357 | S45: =IF(P45="","",IF(T45=TRUE,"يستحق العلاوة",IF(V45=TRUE,"قريبا يستحق العلاوة"," "))) | T45: =AND(MONTH(U45)=MONTH(R45),YEAR(U45)=YEAR(R45)) -> FALSE | U45: =TODAY() -> 46035 | V45: =AND(R45-U45<30,U45<R45) -> FALSE | AG45: =(((AD45*3)+(AE45*6)+(AF45*12))-AH45) -> 0 | AH45: =W45+X45 -> 0 | AK45: ملاك قديم | AL45: تغيير عنوان وظيفي مؤسسة الشهداء اعتبارا من 7/10/2025 لمدة 5 سنوات | AM45: scrypt:32768:8:1$nlmVi2V4G7MaifPA$b6a4e13f6ebc488aa967880f0007e5089f9431196732ab2bd14681f9c9f10762068841fa7fac6bc85ee85eb2d6abd08f3219b02afdd89efc08315b92bef944b0 | AN45: 1 | AO45: 1 | AP45: ذكر
A46: 45 | B46: 148840511 | C46: مهند كشاش مشكور عكيش | D46: رئيس مهندسين تقنيين | E46: بكالوريوس هندسة تقنيات التبريد والتكييف | F46: 3 | G46: 10 | H46: =G46&"/"&F46 -> 10/3 | I46: =IF(G46="","",VLOOKUP(H46,ورقة1!$A$1:$B$240,2,0)) -> 690 | J46: =F46 -> 3 | K46: =IF(G46="","",G46+1) -> 11 | L46: =K46&"/"&J46 -> 11/3 | M46: =IF(K46="","",VLOOKUP(L46,ورقة1!$A$1:$B$240,2,0)) -> 700 | N46: =Z46+(AA46*30)+(AB46*365) -> 0 | O46: =#REF!+(#REF!*30)+#REF!*365 -> #REF! | P46: 45991 | Q46: =IF(P46="","",P46+365) -> 46356 | R46: =IF(P46="","",EDATE(P46,12+AG46)+AC46-N46) -> 46356 | S46: =IF(P46="","",IF(T46=TRUE,"يستحق العلاوة",IF(V46=TRUE,"قريبا يستحق العلاوة"," "))) | T46: =AND(MONTH(U46)=MONTH(R46),YEAR(U46)=YEAR(R46)) -> FALSE | U46: =TODAY() -> 46035 | V46: =AND(R46-U46<30,U46<R46) -> FALSE | AG46: =(((AD46*3)+(AE46*6)+(AF46*12))-AH46) -> 0 | AH46: =W46+X46 -> 0 | AK46: ملاك قديم | AL46: احتساب شهادة ذوي الشهداء | AM46: scrypt:32768:8:1$S3igQ9ALKCpmoIKv$9c0288e4c08c87827c1cb2dc5158ab9af0a5609595ddbc87321cbb84744615f26b0bb158e49fa684b46a533ecc65043d0cef03ba792350b2638a6dc0a6734c51 | AN46: 1 | AO46: 1 | AP46: ذكر
A47: 46 | B47: 103604259 | C47: نبيل ياسين طه حسن اللهيبي | D47: رئيس مهندسين | E47: بكالوريوس هندسة حاسبات | F47: 3 | G47: 5 | H47: =G47&"/"&F47 -> 5/3 | I47: =IF(G47="","",VLOOKUP(H47,ورقة1!$A$1:$B$240,2,0)) -> 640 | J47: =F47 -> 3 | K47: =IF(G47="","",G47+1) -> 6 | L47: =K47&"/"&J47 -> 6/3 | M47: =IF(K47="","",VLOOKUP(L47,ورقة1!$A$1:$B$240,2,0)) -> 650 | N47: =Z47+(AA47*30)+(AB47*365) -> 0 | O47: =#REF!+(#REF!*30)+#REF!*365 -> #REF! | P47: 45789 | Q47: =IF(P47="","",P47+365) -> 46154 | R47: =IF(P47="","",EDATE(P47,12+AG47)+AC47-N47) -> 46124 | S47: =IF(P47="","",IF(T47=TRUE,"يستحق العلاوة",IF(V47=TRUE,"قريبا يستحق العلاوة"," "))) | T47: =AND(MONTH(U47)=MONTH(R47),YEAR(U47)=YEAR(R47)) -> FALSE | U47: =TODAY() -> 46035 | V47: =AND(R47-U47<30,U47<R47) -> FALSE | X47: 1 | Y47: 57766في 26/10/2025 | AG47: =(((AD47*3)+(AE47*6)+(AF47*12))-AH47) -> -1 | AH47: =W47+X47 -> 1 | AK47: ملاك قديم | AM47: scrypt:32768:8:1$QT7H4Znp6iRt80a6$20eb3d5722c8ae4fc832bf4d9f1a542117c18ba364c3f1fa52dd4e95ae11c6a0ba903e511dd273dc83dedfa1d8e54f547bc3cb3053171d2ffb7062f7bca1d947 | AN47: 1 | AO47: 1 | AP47: ذكر
A48: 47 | B48: 100274774 | C48: ندى حسن علي عبداللطيف الصفار | D48: مدير | E48: اعدادية تجارة | F48: 3 | G48: 2 | H48: =G48&"/"&F48 -> 2/3 | I48: =IF(G48="","",VLOOKUP(H48,ورقة1!$A$1:$B$240,2,0)) -> 610 | J48: =F48 -> 3 | K48: =IF(G48="","",G48+1) -> 3 | L48: =K48&"/"&J48 -> 3/3 | M48: =IF(K48="","",VLOOKUP(L48,ورقة1!$A$1:$B$240,2,0)) -> 620 | N48: =Z48+(AA48*30)+(AB48*365) -> 0 | O48: =#REF!+(#REF!*30)+#REF!*365 -> #REF! | P48: 45897 | Q48: =IF(P48="","",P48+365) -> 46262 | R48: =IF(P48="","",EDATE(P48,12+AG48)+AC48-N48) -> 46262 | S48: =IF(P48="","",IF(T48=TRUE,"يستحق العلاوة",IF(V48=TRUE,"قريبا يستحق العلاوة"," "))) | T48: =AND(MONTH(U48)=MONTH(R48),YEAR(U48)=YEAR(R48)) -> FALSE | U48: =TODAY() -> 46035 | V48: =AND(R48-U48<30,U48<R48) -> FALSE | AG48: =(((AD48*3)+(AE48*6)+(AF48*12))-AH48) -> 0 | AH48: =W48+X48 -> 0 | AK48: ملاك قديم | AL48: تم الترقية 2025 | AM48: scrypt:32768:8:1$OJfJrk9fNAgxV4IH$bea082184422ec6d2fd5523b4a16aac5d63d8e4e8b7fbb9951ca879caa57547ef38764438a8ee53244cf45cd8ba89c34a2f9b42cc04bebe8a08a63c36646d852 | AN48: 1 | AO48: 1 | AP48: انثى
A49: 48 | B49: 100254028 | C49: وليد خالد عثمان ناجي بابان | D49: مدير | E49: بكالوريوس ادارة اعمال | F49: 3 | G49: 2 | H49: =G49&"/"&F49 -> 2/3 | I49: =IF(G49="","",VLOOKUP(H49,ورقة1!$A$1:$B$240,2,0)) -> 610 | J49: =F49 -> 3 | K49: =IF(G49="","",G49+1) -> 3 | L49: =K49&"/"&J49 -> 3/3 | M49: =IF(K49="","",VLOOKUP(L49,ورقة1!$A$1:$B$240,2,0)) -> 620 | N49: =Z49+(AA49*30)+(AB49*365) -> 0 | O49: =#REF!+(#REF!*30)+#REF!*365 -> #REF! | P49: 45686 | Q49: =IF(P49="","",P49+365) -> 46051 | R49: =IF(P49="","",EDATE(P49,12+AG49)+AC49-N49) -> 46051 | S49: =IF(P49="","",IF(T49=TRUE,"يستحق العلاوة",IF(V49=TRUE,"قريبا يستحق العلاوة"," "))) -> يستحق العلاوة | T49: =AND(MONTH(U49)=MONTH(R49),YEAR(U49)=YEAR(R49)) -> TRUE | U49: =TODAY() -> 46035 | V49: =AND(R49-U49<30,U49<R49) -> TRUE | AG49: =(((AD49*3)+(AE49*6)+(AF49*12))-AH49) -> 0 | AH49: =W49+X49 -> 0 | AK49: ملاك قديم | AM49: scrypt:32768:8:1$A7UBiukA4tpy8UQ9$4d9c4c18abd036e9c6868595528bd39c52771b633b50af8b7d61943caab8d904e391f1ddf7bfd3e6ff7e91ed31175f4ea9ef9233ad82e77cef4391e2754597a3 | AN49: 1 | AO49: 1 | AP49: ذكر
A50: 49 | B50: 103822976 | C50: احمد دلي حمزة شاهين الشمري | D50: مشاور قانوني | E50: بكالوريوس قانون | F50: 4 | G50: 1 | H50: =G50&"/"&F50 -> 1/4 | I50: =IF(G50="","",VLOOKUP(H50,ورقة1!$A$1:$B$240,2,0)) -> 509 | J50: =F50 -> 4 | K50: =IF(G50="","",G50+1) -> 2 | L50: =K50&"/"&J50 -> 2/4 | M50: =IF(K50="","",VLOOKUP(L50,ورقة1!$A$1:$B$240,2,0)) -> 517 | N50: =Z50+(AA50*30)+(AB50*365) -> 0 | O50: =#REF!+(#REF!*30)+#REF!*365 -> #REF! | P50: 45703 | Q50: =IF(P50="","",P50+365) -> 46068 | R50: =IF(P50="","",EDATE(P50,12+AG50)+AC50-N50) -> 46068 | S50: =IF(P50="","",IF(T50=TRUE,"يستحق العلاوة",IF(V50=TRUE,"قريبا يستحق العلاوة"," "))) | T50: =AND(MONTH(U50)=MONTH(R50),YEAR(U50)=YEAR(R50)) -> FALSE | U50: =TODAY() -> 46035 | V50: =AND(R50-U50<30,U50<R50) -> FALSE | AG50: =(((AD50*3)+(AE50*6)+(AF50*12))-AH50) -> 0 | AH50: =W50+X50 -> 0 | AL50: تم الترقية 2025 | AM50: scrypt:32768:8:1$s8zMNrFIcB5lD3CP$f48ebbaecc0970cfee17690ba29d3eec99d8eec48e81e6d3b81bf5503b43edbfeac4f1a3535aa54c413475a87fef8a77f16e5221d7c0fbf06d3e20d4cfd8ecab | AN50: 1 | AO50: 1
A51: 50 | B51: 148826946 | C51: احمد صباح حمدان ثويني الربيعي | D51: مشاور قانوي | E51: بكالوريوس قانون | F51: 4 | G51: 1 | H51: =G51&"/"&F51 -> 1/4 | I51: =IF(G51="","",VLOOKUP(H51,ورقة1!$A$1:$B$240,2,0)) -> 509 | J51: =F51 -> 4 | K51: =IF(G51="","",G51+1) -> 2 | L51: =K51&"/"&J51 -> 2/4 | M51: =IF(K51="","",VLOOKUP(L51,ورقة1!$A$1:$B$240,2,0)) -> 517 | N51: =Z51+(AA51*30)+(AB51*365) -> 0 | O51: =#REF!+(#REF!*30)+#REF!*365 -> #REF! | P51: 45765 | Q51: =IF(P51="","",P51+365) -> 46130 | R51: =IF(P51="","",EDATE(P51,12+AG51)+AC51-N51) -> 46130 | S51: =IF(P51="","",IF(T51=TRUE,"يستحق العلاوة",IF(V51=TRUE,"قريبا يستحق العلاوة"," "))) | T51: =AND(MONTH(U51)=MONTH(R51),YEAR(U51)=YEAR(R51)) -> FALSE | U51: =TODAY() -> 46035 | V51: =AND(R51-U51<30,U51<R51) -> FALSE | AG51: =(((AD51*3)+(AE51*6)+(AF51*12))-AH51) -> 0 | AH51: =W51+X51 -> 0 | AK51: ملاك قديم | AL51: تم الترقية 2025 | AM51: scrypt:32768:8:1$9Sa1QrMaSEkHK2pp$22719daf7276387f38163b36e4d466109de21ab5d6d8708ffd2fed7057d3c139759428ba85e934961803092da69463208bc49afa892b6d05ac1a75f21504f8e6 | AN51: 1 | AO51: 1 | AP51: ذكر
A52: 51 | B52: 148862036 | C52: احمد عبدالجبار جاسم محمد السامرائي | D52: معاون رئيس مهندسين | E52: بكالوريوس هندسة كهرباء | F52: 4 | G52: 4 | H52: =G52&"/"&F52 -> 4/4 | I52: =IF(G52="","",VLOOKUP(H52,ورقة1!$A$1:$B$240,2,0)) -> 533 | J52: =F52 -> 4 | K52: =IF(G52="","",G52+1) -> 5 | L52: =K52&"/"&J52 -> 5/4 | M52: =IF(K52="","",VLOOKUP(L52,ورقة1!$A$1:$B$240,2,0)) -> 541 | N52: =Z52+(AA52*30)+(AB52*365) -> 0 | O52: =#REF!+(#REF!*30)+#REF!*365 -> #REF! | P52: 45870 | Q52: =IF(P52="","",P52+365) -> 46235 | R52: =IF(P52="","",EDATE(P52,12+AG52)+AC52-N52) -> 46235 | S52: =IF(P52="","",IF(T52=TRUE,"يستحق العلاوة",IF(V52=TRUE,"قريبا يستحق العلاوة"," "))) | T52: =AND(MONTH(U52)=MONTH(R52),YEAR(U52)=YEAR(R52)) -> FALSE | U52: =TODAY() -> 46035 | V52: =AND(R52-U52<30,U52<R52) -> FALSE | AG52: =(((AD52*3)+(AE52*6)+(AF52*12))-AH52) -> 0 | AH52: =W52+X52 -> 0 | AK52: ملاك قديم | AM52: scrypt:32768:8:1$os6oqNjfY2cfLRtA$1cbbe2b20d5eb317904fe949abf0e0bc1335dbbec38c74c09454759d6f37cb87ef33bf391e451f61bacacc514c4c81a308d663f3d6fd72155c0d8213a8c6d394 | AN52: 1 | AO52: 1 | AP52: ذكر
A53: 52 | B53: 148848320 | C53: احمد عماد حاتم حسين | D53: معاون رئيس مهندسين | E53: بكالوريوس هندسة انتاج ومعادن | F53: 4 | G53: 5 | H53: =G53&"/"&F53 -> 5/4 | I53: =IF(G53="","",VLOOKUP(H53,ورقة1!$A$1:$B$240,2,0)) -> 541 | J53: =F53 -> 4 | K53: =IF(G53="","",G53+1) -> 6 | L53: =K53&"/"&J53 -> 6/4 | M53: =IF(K53="","",VLOOKUP(L53,ورقة1!$A$1:$B$240,2,0)) -> 549 | N53: =Z53+(AA53*30)+(AB53*365) -> 0 | O53: =#REF!+(#REF!*30)+#REF!*365 -> #REF! | P53: 45767 | Q53: =IF(P53="","",P53+365) -> 46132 | R53: =IF(P53="","",EDATE(P53,12+AG53)+AC53-N53) -> 46132 | S53: =IF(P53="","",IF(T53=TRUE,"يستحق العلاوة",IF(V53=TRUE,"قريبا يستحق العلاوة"," "))) | T53: =AND(MONTH(U53)=MONTH(R53),YEAR(U53)=YEAR(R53)) -> FALSE | U53: =TODAY() -> 46035 | V53: =AND(R53-U53<30,U53<R53) -> FALSE | AG53: =(((AD53*3)+(AE53*6)+(AF53*12))-AH53) -> 0 | AH53: =W53+X53 -> 0 | AK53: ملاك قديم | AM53: scrypt:32768:8:1$RbsOrb2DZMdbeHpV$4efff7c2fb96bb9002ab814b9c5431b74beb50ebe7a7e20387e3095cae4db5c2df0cec428cf61ad2c317f4be03fddcb1411bcc0e3f7fb552ce1f8488afa78d0c | AN53: 1 | AO53: 1 | AP53: ذكر
A54: 53 | B54: 148828450 | C54: احمد قيس فاضل احمد التميمي | D54: معاون رئيس مهندسين تقنيين | E54: بكالوريوس هندسة تقنيات القدرة الكهربائية | F54: 4 | G54: 3 | H54: =G54&"/"&F54 -> 3/4 | I54: =IF(G54="","",VLOOKUP(H54,ورقة1!$A$1:$B$240,2,0)) -> 525 | J54: =F54 -> 4 | K54: =IF(G54="","",G54+1) -> 4 | L54: =K54&"/"&J54 -> 4/4 | M54: =IF(K54="","",VLOOKUP(L54,ورقة1!$A$1:$B$240,2,0)) -> 533 | N54: =Z54+(AA54*30)+(AB54*365) -> 0 | O54: =#REF!+(#REF!*30)+#REF!*365 -> #REF! | P54: 45809 | Q54: =IF(P54="","",P54+365) -> 46174 | R54: =IF(P54="","",EDATE(P54,12+AG54)+AC54-N54) -> 46174 | S54: =IF(P54="","",IF(T54=TRUE,"يستحق العلاوة",IF(V54=TRUE,"قريبا يستحق العلاوة"," "))) | T54: =AND(MONTH(U54)=MONTH(R54),YEAR(U54)=YEAR(R54)) -> FALSE | U54: =TODAY() -> 46035 | V54: =AND(R54-U54<30,U54<R54) -> FALSE | AG54: =(((AD54*3)+(AE54*6)+(AF54*12))-AH54) -> 0 | AH54: =W54+X54 -> 0 | AK54: ملاك قديم | AL54: تم الترقية | AM54: scrypt:32768:8:1$u7kRKAql68o1GoFM$83fcb72d1ec0c5d638fd31f63996403399c10effd5260005336f684d5cd5c207e23bd01c4ace96b96d211e44065875095873b85764f293ce642289f9904b0ad4 | AN54: 1 | AO54: 1 | AP54: ذكر
A55: 54 | B55: 100269275 | C55: احمد هيثم نافع العاني | D55: معاون مدير فني | E55: دبلوم ميكانيك | F55: 4 | G55: 4 | H55: =G55&"/"&F55 -> 4/4 | I55: =IF(G55="","",VLOOKUP(H55,ورقة1!$A$1:$B$240,2,0)) -> 533 | J55: =F55 -> 4 | K55: =IF(G55="","",G55+1) -> 5 | L55: =K55&"/"&J55 -> 5/4 | M55: =IF(K55="","",VLOOKUP(L55,ورقة1!$A$1:$B$240,2,0)) -> 541 | N55: =Z55+(AA55*30)+(AB55*365) -> 0 | O55: =#REF!+(#REF!*30)+#REF!*365 -> #REF! | P55: 45882 | Q55: =IF(P55="","",P55+365) -> 46247 | R55: =IF(P55="","",EDATE(P55,12+AG55)+AC55-N55) -> 46247 | S55: =IF(P55="","",IF(T55=TRUE,"يستحق العلاوة",IF(V55=TRUE,"قريبا يستحق العلاوة"," "))) | T55: =AND(MONTH(U55)=MONTH(R55),YEAR(U55)=YEAR(R55)) -> FALSE | U55: =TODAY() -> 46035 | V55: =AND(R55-U55<30,U55<R55) -> FALSE | AG55: =(((AD55*3)+(AE55*6)+(AF55*12))-AH55) -> 0 | AH55: =W55+X55 -> 0 | AK55: ملاك قديم | AM55: scrypt:32768:8:1$OsdqXqo8tPLP9dSj$2da77d0146231c25ac1d0971879cbd41a8dcc895c75d94e52b31925ca8489ba99f782ffdd93170e5e1717debd5ac61a03bdac531a23bc4fb1ff9ac7415f54e97 | AN55: 1 | AO55: 1 | AP55: ذكر
A56: 55 | B56: 100269598 | C56: احمد يحيى صلاح الدين الحافظ | D56: معاون مدير فني | E56: اعدادية سيطرة ونظم | F56: 4 | G56: 10 | H56: =G56&"/"&F56 -> 10/4 | I56: =IF(G56="","",VLOOKUP(H56,ورقة1!$A$1:$B$240,2,0)) -> 581 | J56: =F56 -> 4 | K56: =IF(G56="","",G56+1) -> 11 | L56: =K56&"/"&J56 -> 11/4 | M56: =IF(K56="","",VLOOKUP(L56,ورقة1!$A$1:$B$240,2,0)) -> 589 | N56: =Z56+(AA56*30)+(AB56*365) -> 0 | O56: =#REF!+(#REF!*30)+#REF!*365 -> #REF! | P56: 45813 | Q56: =IF(P56="","",P56+365) -> 46178 | R56: =IF(P56="","",EDATE(P56,12+AG56)+AC56-N56) -> 46178 | S56: =IF(P56="","",IF(T56=TRUE,"يستحق العلاوة",IF(V56=TRUE,"قريبا يستحق العلاوة"," "))) | T56: =AND(MONTH(U56)=MONTH(R56),YEAR(U56)=YEAR(R56)) -> FALSE | U56: =TODAY() -> 46035 | V56: =AND(R56-U56<30,U56<R56) -> FALSE | AG56: =(((AD56*3)+(AE56*6)+(AF56*12))-AH56) -> 0 | AH56: =W56+X56 -> 0 | AK56: ملاك قديم | AM56: scrypt:32768:8:1$Elnz2Yiq13MCOymx$a43e6e3c62da5f8b219b5e5af0a9482107041a8e6b4766dc1f40162eba134c6da89c843812a035c8b107cc24edf6fe78a33503b9046e0b17f4a6c31d0e623a63 | AN56: 1 | AO56: 1 | AP56: ذكر
A57: 56 | B57: 148854976 | C57: امير حاتم فاضل عباس الطائي | D57: معاون مدير | E57: بكالوريوس تاريخ | F57: 4 | G57: 2 | H57: =G57&"/"&F57 -> 2/4 | I57: =IF(G57="","",VLOOKUP(H57,ورقة1!$A$1:$B$240,2,0)) -> 517 | J57: =F57 -> 4 | K57: =IF(G57="","",G57+1) -> 3 | L57: =K57&"/"&J57 -> 3/4 | M57: =IF(K57="","",VLOOKUP(L57,ورقة1!$A$1:$B$240,2,0)) -> 525 | N57: =Z57+(AA57*30)+(AB57*365) -> 0 | O57: =#REF!+(#REF!*30)+#REF!*365 -> #REF! | P57: 45828 | Q57: =IF(P57="","",P57+365) -> 46193 | R57: =IF(P57="","",EDATE(P57,12+AG57)+AC57-N57) -> 46101 | S57: =IF(P57="","",IF(T57=TRUE,"يستحق العلاوة",IF(V57=TRUE,"قريبا يستحق العلاوة"," "))) | T57: =AND(MONTH(U57)=MONTH(R57),YEAR(U57)=YEAR(R57)) -> FALSE | U57: =TODAY() -> 46035 | V57: =AND(R57-U57<30,U57<R57) -> FALSE | X57: 3 | Y57: 51990في 1/10/2025 57495في 23/10/2025 69944في 15/12/2025 | AG57: =(((AD57*3)+(AE57*6)+(AF57*12))-AH57) -> -3 | AH57: =W57+X57 -> 3 | AK57: ملاك قديم | AL57: تم الترقية 2025 | AM57: scrypt:32768:8:1$YZX35YFcedMdkYV4$e6fe144735ce6df1eb068c352936c32b2cd225285da17aa740e1c396184f296b2b527111de216a21d0f6d3802429f72e4f7d50c6ebc712e79d42c870f6bfde0a | AN57: 1 | AO57: 1 | AP57: ذكر
A58: 57 | B58: 100269754 | C58: اياد حميدي رشيد عبدالخفاجي | D58: معاون مدير | E58: دبلوم تقنيات ادارة المواد | F58: 4 | G58: 5 | H58: =G58&"/"&F58 -> 5/4 | I58: =IF(G58="","",VLOOKUP(H58,ورقة1!$A$1:$B$240,2,0)) -> 541 | J58: =F58 -> 4 | K58: =IF(G58="","",G58+1) -> 6 | L58: =K58&"/"&J58 -> 6/4 | M58: =IF(K58="","",VLOOKUP(L58,ورقة1!$A$1:$B$240,2,0)) -> 549 | N58: =Z58+(AA58*30)+(AB58*365) -> 0 | O58: =#REF!+(#REF!*30)+#REF!*365 -> #REF! | P58: 45727 | Q58: =IF(P58="","",P58+365) -> 46092 | R58: =IF(P58="","",EDATE(P58,12+AG58)+AC58-N58) -> 46092 | S58: =IF(P58="","",IF(T58=TRUE,"يستحق العلاوة",IF(V58=TRUE,"قريبا يستحق العلاوة"," "))) | T58: =AND(MONTH(U58)=MONTH(R58),YEAR(U58)=YEAR(R58)) -> FALSE | U58: =TODAY() -> 46035 | V58: =AND(R58-U58<30,U58<R58) -> FALSE | AG58: =(((AD58*3)+(AE58*6)+(AF58*12))-AH58) -> 0 | AH58: =W58+X58 -> 0 | AK58: ملاك قديم | AL58: اخذ مفوضية | AM58: scrypt:32768:8:1$2D3UTYY9XrN4A3oO$b77a74d48df6d5a5ab5efbc6783d060d6d4a671a3125aad02120f6b1f664e789670f6885b7358e75ddfeff827657e97fbec01c34a292363081c70136c71e5cec | AN58: 1 | AO58: 1 | AP58: ذكر
A59: 58 | B59: 103646475 | C59: ايسر محمود محيميد حسن | D59: معاون مدير فني | E59: دبلوم تقني / تقنيات المكائن والمعدات | F59: 4 | G59: 1 | H59: =G59&"/"&F59 -> 1/4 | I59: =IF(G59="","",VLOOKUP(H59,ورقة1!$A$1:$B$240,2,0)) -> 509 | J59: =F59 -> 4 | K59: =IF(G59="","",G59+1) -> 2 | L59: =K59&"/"&J59 -> 2/4 | M59: =IF(K59="","",VLOOKUP(L59,ورقة1!$A$1:$B$240,2,0)) -> 517 | N59: =Z59+(AA59*30)+(AB59*365) -> 0 | O59: =#REF!+(#REF!*30)+#REF!*365 -> #REF! | P59: 45718 | Q59: =IF(P59="","",P59+365) -> 46083 | R59: =IF(P59="","",EDATE(P59,12+AG59)+AC59-N59) -> 46083 | S59: =IF(P59="","",IF(T59=TRUE,"يستحق العلاوة",IF(V59=TRUE,"قريبا يستحق العلاوة"," "))) | T59: =AND(MONTH(U59)=MONTH(R59),YEAR(U59)=YEAR(R59)) -> FALSE | U59: =TODAY() -> 46035 | V59: =AND(R59-U59<30,U59<R59) -> FALSE | AG59: =(((AD59*3)+(AE59*6)+(AF59*12))-AH59) -> 0 | AH59: =W59+X59 -> 0 | AK59: ملاك قديم | AL59: تم الترقية 2025 | AM59: scrypt:32768:8:1$W0an4sujmWeo50g8$7fc687f726a3ec6407754454910eda5a557c0707a3c2f7ed5d9745df922ccce76c75e4a6145ba667d4c4ebaae0b7dca6286511a424cb21dfea9221e351d221a7 | AN59: 1 | AO59: 1 | AP59: ذكر
A60: 59 | B60: 148824797 | C60: اية غانم محمد احمد | D60: معاون رئيس مبرمجين | E60: بكالوريوس علوم حاسبات | F60: 4 | G60: 3 | H60: =G60&"/"&F60 -> 3/4 | I60: =IF(G60="","",VLOOKUP(H60,ورقة1!$A$1:$B$240,2,0)) -> 525 | J60: =F60 -> 4 | K60: =IF(G60="","",G60+1) -> 4 | L60: =K60&"/"&J60 -> 4/4 | M60: =IF(K60="","",VLOOKUP(L60,ورقة1!$A$1:$B$240,2,0)) -> 533 | N60: =Z60+(AA60*30)+(AB60*365) -> 0 | O60: =#REF!+(#REF!*30)+#REF!*365 -> #REF! | P60: 45810 | Q60: =IF(P60="","",P60+365) -> 46175 | R60: =IF(P60="","",EDATE(P60,12+AG60)+AC60-N60) -> 46144 | S60: =IF(P60="","",IF(T60=TRUE,"يستحق العلاوة",IF(V60=TRUE,"قريبا يستحق العلاوة"," "))) | T60: =AND(MONTH(U60)=MONTH(R60),YEAR(U60)=YEAR(R60)) -> FALSE | U60: =TODAY() -> 46035 | V60: =AND(R60-U60<30,U60<R60) -> FALSE | X60: 1 | Y60: 65918في 27/11/2025 | AG60: =(((AD60*3)+(AE60*6)+(AF60*12))-AH60) -> -1 | AH60: =W60+X60 -> 1 | AK60: ملاك قديم | AL60: تم الترقية | AM60: scrypt:32768:8:1$zxV9j9D10MoXmuY2$7b11f7de5ff1a90b89b869672648c086ba8c92f5423dab42aef38461b4c149c329665c61cedb072d25792cf1754d629d28f293ffab0f5f4eba1a3ff099525763 | AN60: 1 | AO60: 1 | AP60: انثى
A61: 60 | B61: 148841866 | C61: بكر نبيل مجيد صالح | D61: مشاور قانوني | E61: بكالوريوس قانون | F61: 4 | G61: 3 | H61: =G61&"/"&F61 -> 3/4 | I61: =IF(G61="","",VLOOKUP(H61,ورقة1!$A$1:$B$240,2,0)) -> 525 | J61: =F61 -> 4 | K61: =IF(G61="","",G61+1) -> 4 | L61: =K61&"/"&J61 -> 4/4 | M61: =IF(K61="","",VLOOKUP(L61,ورقة1!$A$1:$B$240,2,0)) -> 533 | N61: =Z61+(AA61*30)+(AB61*365) -> 0 | O61: =#REF!+(#REF!*30)+#REF!*365 -> #REF! | P61: 45996 | Q61: =IF(P61="","",P61+365) -> 46361 | R61: =IF(P61="","",EDATE(P61,12+AG61)+AC61-N61) -> 46361 | S61: =IF(P61="","",IF(T61=TRUE,"يستحق العلاوة",IF(V61=TRUE,"قريبا يستحق العلاوة"," "))) | T61: =AND(MONTH(U61)=MONTH(R61),YEAR(U61)=YEAR(R61)) -> FALSE | U61: =TODAY() -> 46035 | V61: =AND(R61-U61<30,U61<R61) -> FALSE | AG61: =(((AD61*3)+(AE61*6)+(AF61*12))-AH61) -> 0 | AH61: =W61+X61 -> 0 | AK61: ملاك قديم | AL61: تم الترقية 2025 | AM61: scrypt:32768:8:1$vh9DKddm4YykYviz$297feeb22b124590795fa000495a8e09747d264657bb0f4a360568115a07c905dfa1bdeaf8f364c4af1a599aacf907752c72d2d18ef229ea6f702b1b7d02d5ff | AN61: 1 | AO61: 1 | AP61: ذكر
A62: 61 | B62: 148821347 | C62: بيداء عبدالكريم مهدي مجيد | D62: معاون رئيس مهندسين تقنين | E62: بكالوريوس هندسة تقنيات الحاسبات | F62: 4 | G62: 2 | H62: =G62&"/"&F62 -> 2/4 | I62: =IF(G62="","",VLOOKUP(H62,ورقة1!$A$1:$B$240,2,0)) -> 517 | J62: =F62 -> 4 | K62: =IF(G62="","",G62+1) -> 3 | L62: =K62&"/"&J62 -> 3/4 | M62: =IF(K62="","",VLOOKUP(L62,ورقة1!$A$1:$B$240,2,0)) -> 525 | N62: =Z62+(AA62*30)+(AB62*365) -> 0 | O62: =#REF!+(#REF!*30)+#REF!*365 -> #REF! | P62: 45822 | Q62: =IF(P62="","",P62+365) -> 46187 | R62: =IF(P62="","",EDATE(P62,12+AG62)+AC62-N62) -> 46156 | S62: =IF(P62="","",IF(T62=TRUE,"يستحق العلاوة",IF(V62=TRUE,"قريبا يستحق العلاوة"," "))) | T62: =AND(MONTH(U62)=MONTH(R62),YEAR(U62)=YEAR(R62)) -> FALSE | U62: =TODAY() -> 46035 | V62: =AND(R62-U62<30,U62<R62) -> FALSE | X62: 1 | Y62: 48879في 21/9/2025 | AG62: =(((AD62*3)+(AE62*6)+(AF62*12))-AH62) -> -1 | AH62: =W62+X62 -> 1 | AK62: ملاك قديم | AL62: تم الترقية 2025 | AM62: scrypt:32768:8:1$LB8XjHWYj7zEg3tT$8e78d095091390b8e8a20894c10051bafd7e0cd6a7daa6bb4d30fef00824ef5a339173c2983dd56d3b9f15a1730d256926834b7f0290c76bc467b9ee7eae3313 | AN62: 1 | AO62: 1 | AP62: انثى
A63: 62 | B63: 148861398 | C63: جمال جواد عطاالله هايس العبيدي | D63: مشاور قانوني | E63: بكالوريوس قانون | F63: 4 | G63: 2 | H63: =G63&"/"&F63 -> 2/4 | I63: =IF(G63="","",VLOOKUP(H63,ورقة1!$A$1:$B$240,2,0)) -> 517 | J63: =F63 -> 4 | K63: =IF(G63="","",G63+1) -> 3 | L63: =K63&"/"&J63 -> 3/4 | M63: =IF(K63="","",VLOOKUP(L63,ورقة1!$A$1:$B$240,2,0)) -> 525 | N63: =Z63+(AA63*30)+(AB63*365) -> 0 | O63: =#REF!+(#REF!*30)+#REF!*365 -> #REF! | P63: 45911 | Q63: =IF(P63="","",P63+365) -> 46276 | R63: =IF(P63="","",EDATE(P63,12+AG63)+AC63-N63) -> 46276 | S63: =IF(P63="","",IF(T63=TRUE,"يستحق العلاوة",IF(V63=TRUE,"قريبا يستحق العلاوة"," "))) | T63: =AND(MONTH(U63)=MONTH(R63),YEAR(U63)=YEAR(R63)) -> FALSE | U63: =TODAY() -> 46035 | V63: =AND(R63-U63<30,U63<R63) -> FALSE | AG63: =(((AD63*3)+(AE63*6)+(AF63*12))-AH63) -> 0 | AH63: =W63+X63 -> 0 | AK63: ملاك قديم | AL63: تم الترقية 2025 | AM63: scrypt:32768:8:1$uBMmpMFCHHKwvovH$703fa7e2a80c29342e0b3489601fc0f9c136fc24c5a80eabe4e9896d45a906e6b768a4b870593feca4051c7db852437db5b5990542d2497b8e81cec514f9701e | AN63: 1 | AO63: 1 | AP63: ذكر
A64: 63 | B64: 148854905 | C64: حامد حسين بكر حسين | D64: معاون مدير فني | E64: دبلوم الكهرباء | F64: 4 | G64: 1 | H64: =G64&"/"&F64 -> 1/4 | I64: =IF(G64="","",VLOOKUP(H64,ورقة1!$A$1:$B$240,2,0)) -> 509 | J64: =F64 -> 4 | K64: =IF(G64="","",G64+1) -> 2 | L64: =K64&"/"&J64 -> 2/4 | M64: =IF(K64="","",VLOOKUP(L64,ورقة1!$A$1:$B$240,2,0)) -> 517 | N64: =Z64+(AA64*30)+(AB64*365) -> 0 | O64: =#REF!+(#REF!*30)+#REF!*365 -> #REF! | P64: 45833 | Q64: =IF(P64="","",P64+365) -> 46198 | R64: =IF(P64="","",EDATE(P64,12+AG64)+AC64-N64) -> 46106 | S64: =IF(P64="","",IF(T64=TRUE,"يستحق العلاوة",IF(V64=TRUE,"قريبا يستحق العلاوة"," "))) | T64: =AND(MONTH(U64)=MONTH(R64),YEAR(U64)=YEAR(R64)) -> FALSE | U64: =TODAY() -> 46035 | V64: =AND(R64-U64<30,U64<R64) -> FALSE | X64: 3 | Y64: 51990في 1/10/2025 57495في 23/10/2025 69944في 15/12/2025 | AG64: =(((AD64*3)+(AE64*6)+(AF64*12))-AH64) -> -3 | AH64: =W64+X64 -> 3 | AK64: ملاك قديم | AL64: تم الترقية 2025 | AM64: scrypt:32768:8:1$AzxmaDvxbNj8jhPz$653bd93c53549c4edec463c4d7c4ef750d73b9796bc8d370cdcbb501d4fa0c284946f58007b1ae8ec7b6eaaaeae1d393c49fe0d40dc476aae82b888fdef6e4ae | AN64: 1 | AO64: 1 | AP64: ذكر
A65: 64 | B65: 100269288 | C65: حسام جميل محمد علي العزاوي | D65: معاون مدير فني | E65: اعدادية كهرباء | F65: 4 | G65: 3 | H65: =G65&"/"&F65 -> 3/4 | I65: =IF(G65="","",VLOOKUP(H65,ورقة1!$A$1:$B$240,2,0)) -> 525 | J65: =F65 -> 4 | K65: =IF(G65="","",G65+1) -> 4 | L65: =K65&"/"&J65 -> 4/4 | M65: =IF(K65="","",VLOOKUP(L65,ورقة1!$A$1:$B$240,2,0)) -> 533 | N65: =Z65+(AA65*30)+(AB65*365) -> 0 | O65: =#REF!+(#REF!*30)+#REF!*365 -> #REF! | P65: 45393 | Q65: =IF(P65="","",P65+365) -> 45758 | R65: =IF(P65="","",EDATE(P65,12+AG65)+AC65-N65) -> 45758 | S65: =IF(P65="","",IF(T65=TRUE,"يستحق العلاوة",IF(V65=TRUE,"قريبا يستحق العلاوة"," "))) | T65: =AND(MONTH(U65)=MONTH(R65),YEAR(U65)=YEAR(R65)) -> FALSE | U65: =TODAY() -> 46035 | V65: =AND(R65-U65<30,U65<R65) -> FALSE | AG65: =(((AD65*3)+(AE65*6)+(AF65*12))-AH65) -> 0 | AH65: =W65+X65 -> 0 | AK65: ملاك قديم | AL65: اجازة 5 سنوات | AM65: scrypt:32768:8:1$bAWsC3hAk6z3bibk$27fe01ce6d7bb0b6b45737656b1e56164bd309a051e62eef44056d7410dc6b6549182444c92f13d26fac7dcabf6390bb24b90e971ba71c081801159afa444577 | AN65: 1 | AO65: 1 | AP65: ذكر
A66: 65 | B66: 103050043 | C66: حسنين محمد باقر | D66: معاون رئيس مهندسين | E66: بكالوريوس هندسة تقنيات الحاسوب | F66: 4 | G66: 1 | H66: =G66&"/"&F66 -> 1/4 | I66: =IF(G66="","",VLOOKUP(H66,ورقة1!$A$1:$B$240,2,0)) -> 509 | J66: =F66 -> 4 | K66: =IF(G66="","",G66+1) -> 2 | L66: =K66&"/"&J66 -> 2/4 | M66: =IF(K66="","",VLOOKUP(L66,ورقة1!$A$1:$B$240,2,0)) -> 517 | N66: =Z66+(AA66*30)+(AB66*365) -> 0 | O66: =#REF!+(#REF!*30)+#REF!*365 -> #REF! | P66: 45997 | Q66: =IF(P66="","",P66+365) -> 46362 | R66: =IF(P66="","",EDATE(P66,12+AG66)+AC66-N66) -> 46362 | S66: =IF(P66="","",IF(T66=TRUE,"يستحق العلاوة",IF(V66=TRUE,"قريبا يستحق العلاوة"," "))) | T66: =AND(MONTH(U66)=MONTH(R66),YEAR(U66)=YEAR(R66)) -> FALSE | U66: =TODAY() -> 46035 | V66: =AND(R66-U66<30,U66<R66) -> FALSE | AG66: =(((AD66*3)+(AE66*6)+(AF66*12))-AH66) -> 0 | AH66: =W66+X66 -> 0 | AK66: ملاك قديم | AL66: تم الترقية 2025 | AM66: scrypt:32768:8:1$0Cl9U4XoMR6f1Ckc$1d6d6783867163c52290f61754bd2d2244ef109ad1295e333f8f1426f7b2f65f5e68bdbf63d4c271779cb5297b4fd47cc4b9a7def10012bbb7f1f08688de7829 | AN66: 1 | AO66: 1 | AP66: ذكر
A67: 66 | B67: 148867945 | C67: حيدر ابراهيم مراد علي | D67: معاون رئيس مهندسين تقنين | E67: بكالوريوس هندسة تقنيات تبريد وتكييف | F67: 4 | G67: 2 | H67: =G67&"/"&F67 -> 2/4 | I67: =IF(G67="","",VLOOKUP(H67,ورقة1!$A$1:$B$240,2,0)) -> 517 | J67: =F67 -> 4 | K67: =IF(G67="","",G67+1) -> 3 | L67: =K67&"/"&J67 -> 3/4 | M67: =IF(K67="","",VLOOKUP(L67,ورقة1!$A$1:$B$240,2,0)) -> 525 | N67: =Z67+(AA67*30)+(AB67*365) -> 0 | O67: =#REF!+(#REF!*30)+#REF!*365 -> #REF! | P67: 45992 | Q67: =IF(P67="","",P67+365) -> 46357 | R67: =IF(P67="","",EDATE(P67,12+AG67)+AC67-N67) -> 46357 | S67: =IF(P67="","",IF(T67=TRUE,"يستحق العلاوة",IF(V67=TRUE,"قريبا يستحق العلاوة"," "))) | T67: =AND(MONTH(U67)=MONTH(R67),YEAR(U67)=YEAR(R67)) -> FALSE | U67: =TODAY() -> 46035 | V67: =AND(R67-U67<30,U67<R67) -> FALSE | AG67: =(((AD67*3)+(AE67*6)+(AF67*12))-AH67) -> 0 | AH67: =W67+X67 -> 0 | AK67: ملاك قديم | AL67: تم الترقية 2025 | AM67: scrypt:32768:8:1$XFhb3wbltgNKLlRK$6b99ce9a4c09620a23b99fae3330ff664476ecefe7cef3936841031e2a13c662e573d598dbb866d8df6e21dd86f3ae2d44333864e062fea978434d5c940acb1c | AN67: 1 | AO67: 1 | AP67: ذكر
A68: 67 | B68: 148854934 | C68: حيدر خليل اسماعيل رضا | D68: معاون رئيس مهندسين | E68: بكالوريوس هندسة ميكانيك | F68: 4 | G68: 4 | H68: =G68&"/"&F68 -> 4/4 | I68: =IF(G68="","",VLOOKUP(H68,ورقة1!$A$1:$B$240,2,0)) -> 533 | J68: =F68 -> 4 | K68: =IF(G68="","",G68+1) -> 5 | L68: =K68&"/"&J68 -> 5/4 | M68: =IF(K68="","",VLOOKUP(L68,ورقة1!$A$1:$B$240,2,0)) -> 541 | N68: =Z68+(AA68*30)+(AB68*365) -> 222 | O68: =#REF!+(#REF!*30)+#REF!*365 -> #REF! | P68: 45430 | Q68: =IF(P68="","",P68+365) -> 45795 | R68: =IF(P68="","",EDATE(P68,12+AG68)+AC68-N68) -> 45484 | S68: =IF(P68="","",IF(T68=TRUE,"يستحق العلاوة",IF(V68=TRUE,"قريبا يستحق العلاوة"," "))) | T68: =AND(MONTH(U68)=MONTH(R68),YEAR(U68)=YEAR(R68)) -> FALSE | U68: =TODAY() -> 46035 | V68: =AND(R68-U68<30,U68<R68) -> FALSE | X68: 3 | Y68: 49734في 2024/8/4 127في 2/1/2025 807في 2025/1/8 | Z68: 12 | AA68: 7 | AG68: =(((AD68*3)+(AE68*6)+(AF68*12))-AH68) -> -3 | AH68: =W68+X68 -> 3 | AK68: ملاك قديم | AL68: مرسل 725 في 7/1/2025 حسب الامر 80675 في 15/12/2024خدمة 4912 في 27/1/2025 11781في 27/2/2025 14442في 13/3/2025 18526في 14/4/2025 يضاف للعلاوة القادمة 6 اشهر 17745في 9/4/2025 41626في 24/8/2025 منح على اثره 6اشهر منح مهندسين | AM68: scrypt:32768:8:1$0evGO3tLBIXCeZVe$1c485e7db6e51f9883d6d1057cc9d12b7bdf6977eed5ceceeed1e42d79302adbd6f9d126edc17987e4e574fd0ca1fc1ca04e052c5e6385b015442089acadf455 | AN68: 1 | AO68: 1 | AP68: ذكر
A69: 68 | B69: 100270756 | C69: داود سلمان جبر راضي البديري | D69: معاون مدير فني | E69: اعدادية كهرباء | F69: 4 | G69: 6 | H69: =G69&"/"&F69 -> 6/4 | I69: =IF(G69="","",VLOOKUP(H69,ورقة1!$A$1:$B$240,2,0)) -> 549 | J69: =F69 -> 4 | K69: =IF(G69="","",G69+1) -> 7 | L69: =K69&"/"&J69 -> 7/4 | M69: =IF(K69="","",VLOOKUP(L69,ورقة1!$A$1:$B$240,2,0)) -> 557 | N69: =Z69+(AA69*30)+(AB69*365) -> 0 | O69: =#REF!+(#REF!*30)+#REF!*365 -> #REF! | P69: 46002 | Q69: =IF(P69="","",P69+365) -> 46367 | R69: =IF(P69="","",EDATE(P69,12+AG69)+AC69-N69) -> 46367 | S69: =IF(P69="","",IF(T69=TRUE,"يستحق العلاوة",IF(V69=TRUE,"قريبا يستحق العلاوة"," "))) | T69: =AND(MONTH(U69)=MONTH(R69),YEAR(U69)=YEAR(R69)) -> FALSE | U69: =TODAY() -> 46035 | V69: =AND(R69-U69<30,U69<R69) -> FALSE | AG69: =(((AD69*3)+(AE69*6)+(AF69*12))-AH69) -> 0 | AH69: =W69+X69 -> 0 | AK69: ملاك قديم | AL69: مفوضية | AM69: scrypt:32768:8:1$2ZfRkrcMxCuPUpMJ$09be7ba14c35a6a7dd14761998dd5b90c4cc6edd96016ea6bd9771aa0a7cdb36a6e4a6f6993cf527fc18aaf95922682058f4e2ffc20a43d3e933fa401b0c117c | AN69: 1 | AO69: 1 | AP69: ذكر
A70: 69 | B70: 100269709 | C70: رجاء زكي بريسم البهادلي | D70: رئيس حرفيين اقدم اول | E70: متوسطة | F70: 4 | G70: 7 | H70: =G70&"/"&F70 -> 7/4 | I70: =IF(G70="","",VLOOKUP(H70,ورقة1!$A$1:$B$240,2,0)) -> 557 | J70: =F70 -> 4 | K70: =IF(G70="","",G70+1) -> 8 | L70: =K70&"/"&J70 -> 8/4 | M70: =IF(K70="","",VLOOKUP(L70,ورقة1!$A$1:$B$240,2,0)) -> 565 | N70: =Z70+(AA70*30)+(AB70*365) -> 0 | O70: =#REF!+(#REF!*30)+#REF!*365 -> #REF! | P70: 45895 | Q70: =IF(P70="","",P70+365) -> 46260 | R70: =IF(P70="","",EDATE(P70,12+AG70)+AC70-N70) -> 46260 | S70: =IF(P70="","",IF(T70=TRUE,"يستحق العلاوة",IF(V70=TRUE,"قريبا يستحق العلاوة"," "))) | T70: =AND(MONTH(U70)=MONTH(R70),YEAR(U70)=YEAR(R70)) -> FALSE | U70: =TODAY() -> 46035 | V70: =AND(R70-U70<30,U70<R70) -> FALSE | AG70: =(((AD70*3)+(AE70*6)+(AF70*12))-AH70) -> 0 | AH70: =W70+X70 -> 0 | AK70: ملاك قديم | AL70: تم الترقية 2025 | AM70: scrypt:32768:8:1$zIPuLhx3XlS8ddvA$da766be8447b18cc25426b3c485736aa089b9ddff84f9a2dc23d6f1e1e2e364442b5bad490227b71057157a2d7edeab1e8a56019e35b7b2e4edf85a22f35d0b1 | AN70: 1 | AO70: 1 | AP70: ذكر
A71: 70 | B71: 148861426 | C71: رحيم عودة زياوي شوندي | D71: معاون مدير فني | E71: اعدادية صناعة كيمياوي | F71: 4 | G71: 3 | H71: =G71&"/"&F71 -> 3/4 | I71: =IF(G71="","",VLOOKUP(H71,ورقة1!$A$1:$B$240,2,0)) -> 525 | J71: =F71 -> 4 | K71: =IF(G71="","",G71+1) -> 4 | L71: =K71&"/"&J71 -> 4/4 | M71: =IF(K71="","",VLOOKUP(L71,ورقة1!$A$1:$B$240,2,0)) -> 533 | N71: =Z71+(AA71*30)+(AB71*365) -> 0 | O71: =#REF!+(#REF!*30)+#REF!*365 -> #REF! | P71: 45954 | Q71: =IF(P71="","",P71+365) -> 46319 | R71: =IF(P71="","",EDATE(P71,12+AG71)+AC71-N71) -> 46319 | S71: =IF(P71="","",IF(T71=TRUE,"يستحق العلاوة",IF(V71=TRUE,"قريبا يستحق العلاوة"," "))) | T71: =AND(MONTH(U71)=MONTH(R71),YEAR(U71)=YEAR(R71)) -> FALSE | U71: =TODAY() -> 46035 | V71: =AND(R71-U71<30,U71<R71) -> FALSE | AG71: =(((AD71*3)+(AE71*6)+(AF71*12))-AH71) -> 0 | AH71: =W71+X71 -> 0 | AK71: ملاك قديم | AL71: تم الترقية | AM71: scrypt:32768:8:1$JDaPHaG9abC21ZjR$e5be9a2d73c8d1dc84ef10e2f9c0dc790f4351a5398d71dc09661b7e2df4caaedfab59e704cd5abb8d39491e4fd367f0c5d861ecd2ea71ace42f0d530cffb2e2 | AN71: 1 | AO71: 1 | AP71: ذكر
A72: 71 | B72: 148861442 | C72: رعد عباس صحن علك | D72: معاون مدير فني | E72: دبلوم مكائن ومعدات | F72: 4 | G72: 1 | H72: =G72&"/"&F72 -> 1/4 | I72: =IF(G72="","",VLOOKUP(H72,ورقة1!$A$1:$B$240,2,0)) -> 509 | J72: =F72 -> 4 | K72: =IF(G72="","",G72+1) -> 2 | L72: =K72&"/"&J72 -> 2/4 | M72: =IF(K72="","",VLOOKUP(L72,ورقة1!$A$1:$B$240,2,0)) -> 517 | N72: =Z72+(AA72*30)+(AB72*365) -> 0 | O72: =#REF!+(#REF!*30)+#REF!*365 -> #REF! | P72: 45746 | Q72: =IF(P72="","",P72+365) -> 46111 | R72: =IF(P72="","",EDATE(P72,12+AG72)+AC72-N72) -> 46081 | S72: =IF(P72="","",IF(T72=TRUE,"يستحق العلاوة",IF(V72=TRUE,"قريبا يستحق العلاوة"," "))) | T72: =AND(MONTH(U72)=MONTH(R72),YEAR(U72)=YEAR(R72)) -> FALSE | U72: =TODAY() -> 46035 | V72: =AND(R72-U72<30,U72<R72) -> FALSE | X72: 1 | Y72: 47118في 15/9/2025 | AG72: =(((AD72*3)+(AE72*6)+(AF72*12))-AH72) -> -1 | AH72: =W72+X72 -> 1 | AK72: ملاك قديم | AL72: تم الترقية 2025 | AM72: scrypt:32768:8:1$zcjTwIhPgG5EWbPj$4139f18771ea92d798a996bb784b87aa1e2b6bbf8e5e945081a32dfb0b4c5f9795f9365e5af9115af2067ec185679532cce99144c92b2fa9bbfdb94f88f95768 | AN72: 1 | AO72: 1 | AP72: ذكر
A73: 72 | B73: 148868120 | C73: زمن رعد احمد سلمان | D73: معاون مدير | E73: دبلوم اعداد معلمين علوم ورياضيات | F73: 4 | G73: 1 | H73: =G73&"/"&F73 -> 1/4 | I73: =IF(G73="","",VLOOKUP(H73,ورقة1!$A$1:$B$240,2,0)) -> 509 | J73: =F73 -> 4 | K73: =IF(G73="","",G73+1) -> 2 | L73: =K73&"/"&J73 -> 2/4 | M73: =IF(K73="","",VLOOKUP(L73,ورقة1!$A$1:$B$240,2,0)) -> 517 | N73: =Z73+(AA73*30)+(AB73*365) -> 0 | O73: =#REF!+(#REF!*30)+#REF!*365 -> #REF! | P73: 45813 | Q73: =IF(P73="","",P73+365) -> 46178 | R73: =IF(P73="","",EDATE(P73,12+AG73)+AC73-N73) -> 46178 | S73: =IF(P73="","",IF(T73=TRUE,"يستحق العلاوة",IF(V73=TRUE,"قريبا يستحق العلاوة"," "))) | T73: =AND(MONTH(U73)=MONTH(R73),YEAR(U73)=YEAR(R73)) -> FALSE | U73: =TODAY() -> 46035 | V73: =AND(R73-U73<30,U73<R73) -> FALSE | AG73: =(((AD73*3)+(AE73*6)+(AF73*12))-AH73) -> 0 | AH73: =W73+X73 -> 0 | AK73: ملاك قديم | AL73: تم الترقية 2025 | AM73: scrypt:32768:8:1$ypXhm1VnMIqs9YIq$7b8b81050aff1bc1b9154be1fd08afcdcd44b6e83d65ce84dd72d06f7f2bf567d2de8661f209dcbfca623f004c1e97f3406de71f42fe4136401a560d3f4daa6b | AN73: 1 | AO73: 1 | AP73: انثى
A74: 73 | B74: 103794125 | C74: سدير محمد مهدي عبدالامير العبادوشي | D74: معاون مدير فني | E74: دبلوم ميكانيك | F74: 4 | G74: 5 | H74: =G74&"/"&F74 -> 5/4 | I74: =IF(G74="","",VLOOKUP(H74,ورقة1!$A$1:$B$240,2,0)) -> 541 | J74: =F74 -> 4 | K74: =IF(G74="","",G74+1) -> 6 | L74: =K74&"/"&J74 -> 6/4 | M74: =IF(K74="","",VLOOKUP(L74,ورقة1!$A$1:$B$240,2,0)) -> 549 | N74: =Z74+(AA74*30)+(AB74*365) -> 0 | O74: =#REF!+(#REF!*30)+#REF!*365 -> #REF! | P74: 45764 | Q74: =IF(P74="","",P74+365) -> 46129 | R74: =IF(P74="","",EDATE(P74,12+AG74)+AC74-N74) -> 46129 | S74: =IF(P74="","",IF(T74=TRUE,"يستحق العلاوة",IF(V74=TRUE,"قريبا يستحق العلاوة"," "))) | T74: =AND(MONTH(U74)=MONTH(R74),YEAR(U74)=YEAR(R74)) -> FALSE | U74: =TODAY() -> 46035 | V74: =AND(R74-U74<30,U74<R74) -> FALSE | AG74: =(((AD74*3)+(AE74*6)+(AF74*12))-AH74) -> 0 | AH74: =W74+X74 -> 0 | AK74: ملاك قديم | AM74: scrypt:32768:8:1$oLjRgD9pfewquCGc$b1fd84df505ef5813ba497aecd2f8a4c5b53ccf0631d06a8edb77a6d4da46ed6e8c2c157d00774b2c2cd615d43b3e3c24b8747c19df4bcec0e49c6a2786d15b8 | AN74: 1 | AO74: 1 | AP74: ذكر
A75: 74 | B75: 148868331 | C75: سعد عبدالمحسن محمد فرج | D75: معاون رئيس مهندسين | E75: بكالوريوس هندسة ميكانيك | F75: 4 | G75: 3 | H75: =G75&"/"&F75 -> 3/4 | I75: =IF(G75="","",VLOOKUP(H75,ورقة1!$A$1:$B$240,2,0)) -> 525 | J75: =F75 -> 4 | K75: =IF(G75="","",G75+1) -> 4 | L75: =K75&"/"&J75 -> 4/4 | M75: =IF(K75="","",VLOOKUP(L75,ورقة1!$A$1:$B$240,2,0)) -> 533 | N75: =Z75+(AA75*30)+(AB75*365) -> 0 | O75: =#REF!+(#REF!*30)+#REF!*365 -> #REF! | P75: 45771 | Q75: =IF(P75="","",P75+365) -> 46136 | R75: =IF(P75="","",EDATE(P75,12+AG75)+AC75-N75) -> 46105 | S75: =IF(P75="","",IF(T75=TRUE,"يستحق العلاوة",IF(V75=TRUE,"قريبا يستحق العلاوة"," "))) | T75: =AND(MONTH(U75)=MONTH(R75),YEAR(U75)=YEAR(R75)) -> FALSE | U75: =TODAY() -> 46035 | V75: =AND(R75-U75<30,U75<R75) -> FALSE | X75: 1 | Y75: 65653في 26/11/2025 | AG75: =(((AD75*3)+(AE75*6)+(AF75*12))-AH75) -> -1 | AH75: =W75+X75 -> 1 | AK75: ملاك قديم | AL75: تم الترقية | AM75: scrypt:32768:8:1$RgDr5p1eDI2lByBw$a609c02daf62df54b8404eede550cff1143e09c0bda6e30af8dcda9d68310dfcdfcddbf013fab57a6f7bb221c253465860a9d11a1293ac705411638e16c96e0e | AN75: 1 | AO75: 1 | AP75: ذكر
A76: 75 | B76: 100270954 | C76: سعد فاضل سالم احمد الخفاجي | D76: رئيس حرفيين اقدم اول | E76: ابتدائية | F76: 4 | G76: 20 | H76: =G76&"/"&F76 -> 20/4 | I76: =IF(G76="","",VLOOKUP(H76,ورقة1!$A$1:$B$240,2,0)) -> 679 | J76: =F76 -> 4 | K76: =IF(G76="","",G76+1) -> 21 | L76: =K76&"/"&J76 -> 21/4 | M76: =IF(K76="","",VLOOKUP(L76,ورقة1!$A$1:$B$240,2,0)) -> 689 | N76: =Z76+(AA76*30)+(AB76*365) -> 0 | O76: =#REF!+(#REF!*30)+#REF!*365 -> #REF! | P76: 45895 | Q76: =IF(P76="","",P76+365) -> 46260 | R76: =IF(P76="","",EDATE(P76,12+AG76)+AC76-N76) -> 46260 | S76: =IF(P76="","",IF(T76=TRUE,"يستحق العلاوة",IF(V76=TRUE,"قريبا يستحق العلاوة"," "))) | T76: =AND(MONTH(U76)=MONTH(R76),YEAR(U76)=YEAR(R76)) -> FALSE | U76: =TODAY() -> 46035 | V76: =AND(R76-U76<30,U76<R76) -> FALSE | AG76: =(((AD76*3)+(AE76*6)+(AF76*12))-AH76) -> 0 | AH76: =W76+X76 -> 0 | AK76: ملاك قديم | AL76: تم الترقية 2025 | AM76: scrypt:32768:8:1$DVhFG4xA0ssoGwxF$80bc0fe2b34e36f8bde1d956d0257edc635aa615949b66ffd170710d7a9a524ef27c4d25f255b9e2c3fb876ed3f8670c4046bdfbbcc4da43309fe58506f1be55 | AN76: 1 | AO76: 1 | AP76: ذكر
A77: 76 | B77: 148861455 | C77: سناء وليد احمد سلمان | D77: معاون مدير | E77: دبلوم اعداد معلمين علوم ورياضيات | F77: 4 | G77: 1 | H77: =G77&"/"&F77 -> 1/4 | I77: =IF(G77="","",VLOOKUP(H77,ورقة1!$A$1:$B$240,2,0)) -> 509 | J77: =F77 -> 4 | K77: =IF(G77="","",G77+1) -> 2 | L77: =K77&"/"&J77 -> 2/4 | M77: =IF(K77="","",VLOOKUP(L77,ورقة1!$A$1:$B$240,2,0)) -> 517 | N77: =Z77+(AA77*30)+(AB77*365) -> 0 | O77: =#REF!+(#REF!*30)+#REF!*365 -> #REF! | P77: 45815 | Q77: =IF(P77="","",P77+365) -> 46180 | R77: =IF(P77="","",EDATE(P77,12+AG77)+AC77-N77) -> 46149 | S77: =IF(P77="","",IF(T77=TRUE,"يستحق العلاوة",IF(V77=TRUE,"قريبا يستحق العلاوة"," "))) | T77: =AND(MONTH(U77)=MONTH(R77),YEAR(U77)=YEAR(R77)) -> FALSE | U77: =TODAY() -> 46035 | V77: =AND(R77-U77<30,U77<R77) -> FALSE | X77: 1 | Y77: 61879في 10/11/2025 | AG77: =(((AD77*3)+(AE77*6)+(AF77*12))-AH77) -> -1 | AH77: =W77+X77 -> 1 | AK77: ملاك قديم | AL77: تم الترقية 2025 | AM77: scrypt:32768:8:1$93hGV5ZTk5s9yyS6$a0c841458be8a01cda15750c302805dc5b791de7c16f6dc1cbc2e550ce1d755cf2706beb3f4aeb71400118f95fc1e09ce043df297104951068f13162a52ee4a9 | AN77: 1 | AO77: 1 | AP77: انثى
A78: 77 | B78: 148868287 | C78: سنان شعلان هاشم حمود | D78: معاون مدير | E78: بكالوريوس لغات انكليزي | F78: 4 | G78: 3 | H78: =G78&"/"&F78 -> 3/4 | I78: =IF(G78="","",VLOOKUP(H78,ورقة1!$A$1:$B$240,2,0)) -> 525 | J78: =F78 -> 4 | K78: =IF(G78="","",G78+1) -> 4 | L78: =K78&"/"&J78 -> 4/4 | M78: =IF(K78="","",VLOOKUP(L78,ورقة1!$A$1:$B$240,2,0)) -> 533 | N78: =Z78+(AA78*30)+(AB78*365) -> 0 | O78: =#REF!+(#REF!*30)+#REF!*365 -> #REF! | P78: 45927 | Q78: =IF(P78="","",P78+365) -> 46292 | R78: =IF(P78="","",EDATE(P78,12+AG78)+AC78-N78) -> 46292 | S78: =IF(P78="","",IF(T78=TRUE,"يستحق العلاوة",IF(V78=TRUE,"قريبا يستحق العلاوة"," "))) | T78: =AND(MONTH(U78)=MONTH(R78),YEAR(U78)=YEAR(R78)) -> FALSE | U78: =TODAY() -> 46035 | V78: =AND(R78-U78<30,U78<R78) -> FALSE | AG78: =(((AD78*3)+(AE78*6)+(AF78*12))-AH78) -> 0 | AH78: =W78+X78 -> 0 | AK78: ملاك قديم | AL78: تم الترقية | AM78: scrypt:32768:8:1$jthOrlaqY0DePeKM$65d1f80c41b1a6613855e51aff884946c77c7d5d305fb1f5e2fa9fe4ff88fe709960447d83e896c7004c1a530a1bc6a240e57cb6195c09be3ed2aa1dcd291afc | AN78: 1 | AO78: 1 | AP78: ذكر
A79: 78 | B79: 100245725 | C79: سنان طه محمد حسين الجبوري | D79: معاون رئيس مهندسين | E79: بكالوريوس هندسة ميكانيك | F79: 4 | H79: =G79&"/"&F79 -> /4 | I79: =IF(G79="","",VLOOKUP(H79,ورقة1!$A$1:$B$240,2,0)) | J79: =F79 -> 4 | K79: =IF(G79="","",G79+1) | L79: =K79&"/"&J79 -> /4 | M79: =IF(K79="","",VLOOKUP(L79,ورقة1!$A$1:$B$240,2,0)) | N79: =Z79+(AA79*30)+(AB79*365) -> 0 | O79: =#REF!+(#REF!*30)+#REF!*365 -> #REF! | Q79: =IF(P79="","",P79+365) | R79: =IF(P79="","",EDATE(P79,12+AG79)+AC79-N79) | S79: =IF(P79="","",IF(T79=TRUE,"يستحق العلاوة",IF(V79=TRUE,"قريبا يستحق العلاوة"," "))) | T79: =AND(MONTH(U79)=MONTH(R79),YEAR(U79)=YEAR(R79)) -> #VALUE! | U79: =TODAY() -> 46035 | V79: =AND(R79-U79<30,U79<R79) -> #VALUE! | X79: 2 | Y79: 17929 في 11/3/2024 49734في 2024/8/4 | AG79: =(((AD79*3)+(AE79*6)+(AF79*12))-AH79) -> -2 | AH79: =W79+X79 -> 2 | AK79: ملاك قديم | AL79: اجازة 5 سنوات | AM79: scrypt:32768:8:1$F4nzPGWYhBHpYkPQ$c74fbf37b5127e65255a50bb6b11221be3ab200822087517679a146fe52075c9fcf3790b4144c44c78f0c4c3d684ab61dd4d94c13fd2f9bb551a647d4f16b863 | AN79: 1 | AO79: 1 | AP79: ذكر
A80: 79 | B80: 100270868 | C80: سيروان عدنان يحيى اسفنديار | D80: معاون مدير | E80: بكالوريوس ادارة اعمال | F80: 4 | G80: 12 | H80: =G80&"/"&F80 -> 12/4 | I80: =IF(G80="","",VLOOKUP(H80,ورقة1!$A$1:$B$240,2,0)) -> 599 | J80: =F80 -> 4 | K80: =IF(G80="","",G80+1) -> 13 | L80: =K80&"/"&J80 -> 13/4 | M80: =IF(K80="","",VLOOKUP(L80,ورقة1!$A$1:$B$240,2,0)) -> 906 | N80: =Z80+(AA80*30)+(AB80*365) -> 0 | O80: =#REF!+(#REF!*30)+#REF!*365 -> #REF! | P80: 45910 | Q80: =IF(P80="","",P80+365) -> 46275 | R80: =IF(P80="","",EDATE(P80,12+AG80)+AC80-N80) -> 46275 | S80: =IF(P80="","",IF(T80=TRUE,"يستحق العلاوة",IF(V80=TRUE,"قريبا يستحق العلاوة"," "))) | T80: =AND(MONTH(U80)=MONTH(R80),YEAR(U80)=YEAR(R80)) -> FALSE | U80: =TODAY() -> 46035 | V80: =AND(R80-U80<30,U80<R80) -> FALSE | AG80: =(((AD80*3)+(AE80*6)+(AF80*12))-AH80) -> 0 | AH80: =W80+X80 -> 0 | AK80: ملاك قديم | AL80: احتساب شهادة وتغيير عنوان وظيفي حسب قانون مؤسسة الشهداء اخر مرحلة كانت على المرحلة 12 | AM80: scrypt:32768:8:1$uf8LrajrjJLT2VTN$951a4d1baa86acae4f27ac672f013c62b5f4cb43c6de9fde10e4a53d420fbc2f96401d9b52eb1e41a34a999ec67894906fec2dae6e9e99452f343da4da33ad20 | AN80: 1 | AO80: 1 | AP80: ذكر
A81: 80 | B81: 148841837 | C81: سيماء حسين خضير مكي | D81: معاون مدير | E81: دبلوم اعداد معلمين | F81: 4 | G81: 3 | H81: =G81&"/"&F81 -> 3/4 | I81: =IF(G81="","",VLOOKUP(H81,ورقة1!$A$1:$B$240,2,0)) -> 525 | J81: =F81 -> 4 | K81: =IF(G81="","",G81+1) -> 4 | L81: =K81&"/"&J81 -> 4/4 | M81: =IF(K81="","",VLOOKUP(L81,ورقة1!$A$1:$B$240,2,0)) -> 533 | N81: =Z81+(AA81*30)+(AB81*365) -> 0 | O81: =#REF!+(#REF!*30)+#REF!*365 -> #REF! | P81: 45761 | Q81: =IF(P81="","",P81+365) -> 46126 | R81: =IF(P81="","",EDATE(P81,12+AG81)+AC81-N81) -> 46126 | S81: =IF(P81="","",IF(T81=TRUE,"يستحق العلاوة",IF(V81=TRUE,"قريبا يستحق العلاوة"," "))) | T81: =AND(MONTH(U81)=MONTH(R81),YEAR(U81)=YEAR(R81)) -> FALSE | U81: =TODAY() -> 46035 | V81: =AND(R81-U81<30,U81<R81) -> FALSE | AG81: =(((AD81*3)+(AE81*6)+(AF81*12))-AH81) -> 0 | AH81: =W81+X81 -> 0 | AK81: ملاك قديم | AM81: scrypt:32768:8:1$iRogGAMHao7rmWVN$3ac14034b192769d595df869904453ba47f1a876a81704779d44ee2730e4fc77e6459eb1f262c47916c70f4b801257d8edf03dd6e1c152434a8631d025a735b3 | AN81: 1 | AO81: 1 | AP81: انثى
A82: 81 | B82: 148868063 | C82: طلال صلاح حسن صالح | D82: معاون مدير فني | E82: دبلوم اتصالات | F82: 4 | G82: 2 | H82: =G82&"/"&F82 -> 2/4 | I82: =IF(G82="","",VLOOKUP(H82,ورقة1!$A$1:$B$240,2,0)) -> 517 | J82: =F82 -> 4 | K82: =IF(G82="","",G82+1) -> 3 | L82: =K82&"/"&J82 -> 3/4 | M82: =IF(K82="","",VLOOKUP(L82,ورقة1!$A$1:$B$240,2,0)) -> 525 | N82: =Z82+(AA82*30)+(AB82*365) -> 86 | O82: =#REF!+(#REF!*30)+#REF!*365 -> #REF! | P82: 45900 | Q82: =IF(P82="","",P82+365) -> 46265 | R82: =IF(P82="","",EDATE(P82,12+AG82)+AC82-N82) -> 46179 | S82: =IF(P82="","",IF(T82=TRUE,"يستحق العلاوة",IF(V82=TRUE,"قريبا يستحق العلاوة"," "))) | T82: =AND(MONTH(U82)=MONTH(R82),YEAR(U82)=YEAR(R82)) -> FALSE | U82: =TODAY() -> 46035 | V82: =AND(R82-U82<30,U82<R82) -> FALSE | Z82: 26 | AA82: 2 | AG82: =(((AD82*3)+(AE82*6)+(AF82*12))-AH82) -> 0 | AH82: =W82+X82 -> 0 | AK82: ملاك قديم | AL82: تم الترقية 2025 | AM82: scrypt:32768:8:1$H9wDNXOV88IUx4qd$51c093c1a9a9449d5e2416bfec7fb58f8458e23e359233984fa10edc3fbf025479ea22fa2a32a3241c1e98ded04a2f9159f445226c8c355e8cec104e4eaa6a50 | AN82: 1 | AO82: 1 | AP82: ذكر
A83: 82 | B83: 148868092 | C83: عبدالعزيز طالب محمود جميل | D83: معاون مدير فني | E83: دبلوم الكترون | F83: 4 | G83: 3 | H83: =G83&"/"&F83 -> 3/4 | I83: =IF(G83="","",VLOOKUP(H83,ورقة1!$A$1:$B$240,2,0)) -> 525 | J83: =F83 -> 4 | K83: =IF(G83="","",G83+1) -> 4 | L83: =K83&"/"&J83 -> 4/4 | M83: =IF(K83="","",VLOOKUP(L83,ورقة1!$A$1:$B$240,2,0)) -> 533 | N83: =Z83+(AA83*30)+(AB83*365) -> 0 | O83: =#REF!+(#REF!*30)+#REF!*365 -> #REF! | P83: 45717 | Q83: =IF(P83="","",P83+365) -> 46082 | R83: =IF(P83="","",EDATE(P83,12+AG83)+AC83-N83) -> 46082 | S83: =IF(P83="","",IF(T83=TRUE,"يستحق العلاوة",IF(V83=TRUE,"قريبا يستحق العلاوة"," "))) | T83: =AND(MONTH(U83)=MONTH(R83),YEAR(U83)=YEAR(R83)) -> FALSE | U83: =TODAY() -> 46035 | V83: =AND(R83-U83<30,U83<R83) -> FALSE | AG83: =(((AD83*3)+(AE83*6)+(AF83*12))-AH83) -> 0 | AH83: =W83+X83 -> 0 | AK83: ملاك قديم | AM83: scrypt:32768:8:1$xUFB77LuBlo4n2qh$4513eaf6fabef6ef6bd5d0ea0e0e3583da80614d59aeeb19235b807821ad3a013b3dab668bd885d77c371813e9f43e6c00ce855ae38219036db65a718bbffeb0 | AN83: 1 | AO83: 1 | AP83: ذكر
A84: 83 | B84: 148860621 | C84: عبدالعظيم ياسين طه حسن | D84: معاون مدير حسابات | E84: دبلوم عالي معهد مدققين | F84: 4 | G84: 4 | H84: =G84&"/"&F84 -> 4/4 | I84: =IF(G84="","",VLOOKUP(H84,ورقة1!$A$1:$B$240,2,0)) -> 533 | J84: =F84 -> 4 | K84: =IF(G84="","",G84+1) -> 5 | L84: =K84&"/"&J84 -> 5/4 | M84: =IF(K84="","",VLOOKUP(L84,ورقة1!$A$1:$B$240,2,0)) -> 541 | N84: =Z84+(AA84*30)+(AB84*365) -> 0 | O84: =#REF!+(#REF!*30)+#REF!*365 -> #REF! | P84: 45881 | Q84: =IF(P84="","",P84+365) -> 46246 | R84: =IF(P84="","",EDATE(P84,12+AG84)+AC84-N84) -> 46124 | S84: =IF(P84="","",IF(T84=TRUE,"يستحق العلاوة",IF(V84=TRUE,"قريبا يستحق العلاوة"," "))) | T84: =AND(MONTH(U84)=MONTH(R84),YEAR(U84)=YEAR(R84)) -> FALSE | U84: =TODAY() -> 46035 | V84: =AND(R84-U84<30,U84<R84) -> FALSE | X84: 7 | Y84: 47692في 16/9/2025 68582في 9/12/2025 | AD84: 1 | AG84: =(((AD84*3)+(AE84*6)+(AF84*12))-AH84) -> -4 | AH84: =W84+X84 -> 7 | AI84: 60547في 4/11/2025 | AK84: ملاك قديم | AL84: عقوبة لفت نظر | AM84: scrypt:32768:8:1$P1JJ1eDINILVSQlI$0d5e49b3e8ea7f45d1052133ff26a015f674f0308b60318747e4592eed7d93ef5fe6ac60374e527103a483ec863ec5740dbafc3c9c01626516a7b1aa5227d7fa | AN84: 1 | AO84: 1 | AP84: ذكر
A85: 84 | B85: 148861570 | C85: عبيدة عبدالجبار عبدالستار عبدالجبار | D85: معاون مدير حسابات | E85: بكالوريوس محاسبة | F85: 4 | G85: 4 | H85: =G85&"/"&F85 -> 4/4 | I85: =IF(G85="","",VLOOKUP(H85,ورقة1!$A$1:$B$240,2,0)) -> 533 | J85: =F85 -> 4 | K85: =IF(G85="","",G85+1) -> 5 | L85: =K85&"/"&J85 -> 5/4 | M85: =IF(K85="","",VLOOKUP(L85,ورقة1!$A$1:$B$240,2,0)) -> 541 | N85: =Z85+(AA85*30)+(AB85*365) -> 0 | O85: =#REF!+(#REF!*30)+#REF!*365 -> #REF! | P85: 45811 | Q85: =IF(P85="","",P85+365) -> 46176 | R85: =IF(P85="","",EDATE(P85,12+AG85)+AC85-N85) -> 46115 | S85: =IF(P85="","",IF(T85=TRUE,"يستحق العلاوة",IF(V85=TRUE,"قريبا يستحق العلاوة"," "))) | T85: =AND(MONTH(U85)=MONTH(R85),YEAR(U85)=YEAR(R85)) -> FALSE | U85: =TODAY() -> 46035 | V85: =AND(R85-U85<30,U85<R85) -> FALSE | X85: 2 | Y85: 48879في 21/9/2025 68582في 9/12/2025 | AG85: =(((AD85*3)+(AE85*6)+(AF85*12))-AH85) -> -2 | AH85: =W85+X85 -> 2 | AK85: ملاك قديم | AL85: تم الترقية | AM85: scrypt:32768:8:1$Y3RXPhaXdC06b8yj$bd1a7765d3c0ae62a0ad3bdbcf913d1b8456ccb5181b3d3646f0aacccb81126c38294e0b1fe03be538362b921f46509dab2402ca2366825f8d4df2c3d50736a6 | AN85: 1 | AO85: 1 | AP85: ذكر
A86: 85 | B86: 100270194 | C86: علي امير سوار احمد البياتي | D86: معاون مدير فني | E86: اعدادية كهرباء | F86: 4 | G86: 8 | H86: =G86&"/"&F86 -> 8/4 | I86: =IF(G86="","",VLOOKUP(H86,ورقة1!$A$1:$B$240,2,0)) -> 565 | J86: =F86 -> 4 | K86: =IF(G86="","",G86+1) -> 9 | L86: =K86&"/"&J86 -> 9/4 | M86: =IF(K86="","",VLOOKUP(L86,ورقة1!$A$1:$B$240,2,0)) -> 573 | N86: =Z86+(AA86*30)+(AB86*365) -> 0 | O86: =#REF!+(#REF!*30)+#REF!*365 -> #REF! | P86: 45989 | Q86: =IF(P86="","",P86+365) -> 46354 | R86: =IF(P86="","",EDATE(P86,12+AG86)+AC86-N86) -> 46354 | S86: =IF(P86="","",IF(T86=TRUE,"يستحق العلاوة",IF(V86=TRUE,"قريبا يستحق العلاوة"," "))) | T86: =AND(MONTH(U86)=MONTH(R86),YEAR(U86)=YEAR(R86)) -> FALSE | U86: =TODAY() -> 46035 | V86: =AND(R86-U86<30,U86<R86) -> FALSE | AG86: =(((AD86*3)+(AE86*6)+(AF86*12))-AH86) -> 0 | AH86: =W86+X86 -> 0 | AK86: ملاك قديم | AM86: scrypt:32768:8:1$xhCTM4MyxN7kRYlY$b5a41b0e41e06f45478fc1376f7bce43a63bc0f25783dbbb50aa44ef24b55c420255331924fc1e60658a24450463ab380e30a169cbb35f4c0fd4d919605c60cc | AN86: 1 | AO86: 1 | AP86: ذكر
A87: 86 | B87: 148860593 | C87: علي سرمد قاسم امين الجنابي | D87: معاون رئيس مهندسين | E87: بكالوريوس هندسة كهرباء | F87: 4 | G87: 2 | H87: =G87&"/"&F87 -> 2/4 | I87: =IF(G87="","",VLOOKUP(H87,ورقة1!$A$1:$B$240,2,0)) -> 517 | J87: =F87 -> 4 | K87: =IF(G87="","",G87+1) -> 3 | L87: =K87&"/"&J87 -> 3/4 | M87: =IF(K87="","",VLOOKUP(L87,ورقة1!$A$1:$B$240,2,0)) -> 525 | N87: =Z87+(AA87*30)+(AB87*365) -> 0 | O87: =#REF!+(#REF!*30)+#REF!*365 -> #REF! | P87: 45871 | Q87: =IF(P87="","",P87+365) -> 46236 | R87: =IF(P87="","",EDATE(P87,12+AG87)+AC87-N87) -> 46236 | S87: =IF(P87="","",IF(T87=TRUE,"يستحق العلاوة",IF(V87=TRUE,"قريبا يستحق العلاوة"," "))) | T87: =AND(MONTH(U87)=MONTH(R87),YEAR(U87)=YEAR(R87)) -> FALSE | U87: =TODAY() -> 46035 | V87: =AND(R87-U87<30,U87<R87) -> FALSE | AG87: =(((AD87*3)+(AE87*6)+(AF87*12))-AH87) -> 0 | AH87: =W87+X87 -> 0 | AK87: ملاك قديم | AL87: تم الترقية 2025 14442في 13/3/2025 41626في 24/8/2025 منح على اثره 6اشهر منح مهندسين | AM87: scrypt:32768:8:1$CYYs0eya2pjKmqKp$2b12fede33957778351611be696bbe478fa996d05ac0e055d7d09be35cbac1436730c8d552bfcd4f88d5e1c3ee555d181fa890904118aaf205fce7933eeb1958 | AN87: 1 | AO87: 1 | AP87: ذكر
A88: 87 | B88: 148867763 | C88: علي عبد علي قاسم لغيوي | D88: معاون مدير حسابات | E88: بكالوريوس علوم مالية ومصرفية | F88: 4 | G88: 5 | H88: =G88&"/"&F88 -> 5/4 | I88: =IF(G88="","",VLOOKUP(H88,ورقة1!$A$1:$B$240,2,0)) -> 541 | J88: =F88 -> 4 | K88: =IF(G88="","",G88+1) -> 6 | L88: =K88&"/"&J88 -> 6/4 | M88: =IF(K88="","",VLOOKUP(L88,ورقة1!$A$1:$B$240,2,0)) -> 549 | N88: =Z88+(AA88*30)+(AB88*365) -> 0 | O88: =#REF!+(#REF!*30)+#REF!*365 -> #REF! | P88: 45686 | Q88: =IF(P88="","",P88+365) -> 46051 | R88: =IF(P88="","",EDATE(P88,12+AG88)+AC88-N88) -> 45867 | S88: =IF(P88="","",IF(T88=TRUE,"يستحق العلاوة",IF(V88=TRUE,"قريبا يستحق العلاوة"," "))) | T88: =AND(MONTH(U88)=MONTH(R88),YEAR(U88)=YEAR(R88)) -> FALSE | U88: =TODAY() -> 46035 | V88: =AND(R88-U88<30,U88<R88) -> FALSE | X88: 6 | Y88: 47692في 16/9/2025 | AG88: =(((AD88*3)+(AE88*6)+(AF88*12))-AH88) -> -6 | AH88: =W88+X88 -> 6 | AK88: ملاك قديم | AL88: 52861في 6/10/2025 | AM88: scrypt:32768:8:1$rsBvI5soByjnwncc$21f22e6aba8678a1c1a9d8e4ee99ec9a3e8bff74bb96a91c499ee08652dfd231379e65ba42948c3cec0afbca2c62ab0614f61896c6aeb020658ecc1cb66c6283 | AN88: 1 | AO88: 1 | AP88: ذكر
A89: 88 | B89: 148820667 | C89: علي عدنان سلمان داود البالوي | D89: معاون رئيس مهندسين | E89: بكالوريوس هندسة كهرباء | F89: 4 | G89: 4 | H89: =G89&"/"&F89 -> 4/4 | I89: =IF(G89="","",VLOOKUP(H89,ورقة1!$A$1:$B$240,2,0)) -> 533 | J89: =F89 -> 4 | K89: =IF(G89="","",G89+1) -> 5 | L89: =K89&"/"&J89 -> 5/4 | M89: =IF(K89="","",VLOOKUP(L89,ورقة1!$A$1:$B$240,2,0)) -> 541 | N89: =Z89+(AA89*30)+(AB89*365) -> 0 | O89: =#REF!+(#REF!*30)+#REF!*365 -> #REF! | P89: 45954 | Q89: =IF(P89="","",P89+365) -> 46319 | R89: =IF(P89="","",EDATE(P89,12+AG89)+AC89-N89) -> 46319 | S89: =IF(P89="","",IF(T89=TRUE,"يستحق العلاوة",IF(V89=TRUE,"قريبا يستحق العلاوة"," "))) | T89: =AND(MONTH(U89)=MONTH(R89),YEAR(U89)=YEAR(R89)) -> FALSE | U89: =TODAY() -> 46035 | V89: =AND(R89-U89<30,U89<R89) -> FALSE | AG89: =(((AD89*3)+(AE89*6)+(AF89*12))-AH89) -> 0 | AH89: =W89+X89 -> 0 | AK89: ملاك قديم | AL89: تم الترقية | AM89: scrypt:32768:8:1$CUi1uRJlrQ7r2vys$a50985d29146ba94626e3b2b0e5e1099ab941ae1982f69b25dd67ad28d7f8d8395f58eec033c44135a982a835318d5de5e0564f830baf447a6b192f3cdcce9c8 | AN89: 1 | AO89: 1 | AP89: ذكر
A90: 89 | B90: 148842591 | C90: علي محمد عبدالجبار زيدان | D90: معاون مدير | E90: بكالوريوس اداب | F90: 4 | G90: 1 | H90: =G90&"/"&F90 -> 1/4 | I90: =IF(G90="","",VLOOKUP(H90,ورقة1!$A$1:$B$240,2,0)) -> 509 | J90: =F90 -> 4 | K90: =IF(G90="","",G90+1) -> 2 | L90: =K90&"/"&J90 -> 2/4 | M90: =IF(K90="","",VLOOKUP(L90,ورقة1!$A$1:$B$240,2,0)) -> 517 | N90: =Z90+(AA90*30)+(AB90*365) -> 0 | O90: =#REF!+(#REF!*30)+#REF!*365 -> #REF! | P90: 45846 | Q90: =IF(P90="","",P90+365) -> 46211 | R90: =IF(P90="","",EDATE(P90,12+AG90)+AC90-N90) -> 46211 | S90: =IF(P90="","",IF(T90=TRUE,"يستحق العلاوة",IF(V90=TRUE,"قريبا يستحق العلاوة"," "))) | T90: =AND(MONTH(U90)=MONTH(R90),YEAR(U90)=YEAR(R90)) -> FALSE | U90: =TODAY() -> 46035 | V90: =AND(R90-U90<30,U90<R90) -> FALSE | AG90: =(((AD90*3)+(AE90*6)+(AF90*12))-AH90) -> 0 | AH90: =W90+X90 -> 0 | AK90: ملاك قديم | AL90: تم الترقية 2025 | AM90: scrypt:32768:8:1$kYzKNWGYtm1X8cag$468eb3627b5eb91302b41a657f38fb86a89f37c74da2285366ab0d53e17c10bc35ac9bec79958b63edd894f305481ce1f0b45d563c69000419f172afb8fd9531 | AN90: 1 | AO90: 1 | AP90: ذكر
A91: 90 | B91: 100252556 | C91: عماد كاظم كاطع عبدالله العكيلي | D91: رئيس حرفيين اقدم اول | E91: ابتدائية | F91: 4 | G91: 11 | H91: =G91&"/"&F91 -> 11/4 | I91: =IF(G91="","",VLOOKUP(H91,ورقة1!$A$1:$B$240,2,0)) -> 589 | J91: =F91 -> 4 | K91: =IF(G91="","",G91+1) -> 12 | L91: =K91&"/"&J91 -> 12/4 | M91: =IF(K91="","",VLOOKUP(L91,ورقة1!$A$1:$B$240,2,0)) -> 599 | N91: =Z91+(AA91*30)+(AB91*365) -> 0 | O91: =#REF!+(#REF!*30)+#REF!*365 -> #REF! | P91: 45895 | Q91: =IF(P91="","",P91+365) -> 46260 | R91: =IF(P91="","",EDATE(P91,12+AG91)+AC91-N91) -> 46260 | S91: =IF(P91="","",IF(T91=TRUE,"يستحق العلاوة",IF(V91=TRUE,"قريبا يستحق العلاوة"," "))) | T91: =AND(MONTH(U91)=MONTH(R91),YEAR(U91)=YEAR(R91)) -> FALSE | U91: =TODAY() -> 46035 | V91: =AND(R91-U91<30,U91<R91) -> FALSE | AG91: =(((AD91*3)+(AE91*6)+(AF91*12))-AH91) -> 0 | AH91: =W91+X91 -> 0 | AK91: ملاك قديم | AM91: scrypt:32768:8:1$NtYXmwzZpo0dLIfo$5b464fcc0b0e3b4b3e7ca1fa841908c9817cb5b3a080842d53500dbf72cd65e2d7c0c7bede6436f2b9bfb9e6e51498552849fbf6baf0c360f2af624a020e0c83 | AN91: 1 | AO91: 1 | AP91: ذكر
A92: 91 | B92: 148861062 | C92: عمار عبدالوهاب عبدالرزاق عبدالوهاب | D92: معاون رئيس مهندسين | E92: بكالوريوس هندسة اتصالات حاسبات | F92: 4 | G92: 5 | H92: =G92&"/"&F92 -> 5/4 | I92: =IF(G92="","",VLOOKUP(H92,ورقة1!$A$1:$B$240,2,0)) -> 541 | J92: =F92 -> 4 | K92: =IF(G92="","",G92+1) -> 6 | L92: =K92&"/"&J92 -> 6/4 | M92: =IF(K92="","",VLOOKUP(L92,ورقة1!$A$1:$B$240,2,0)) -> 549 | N92: =Z92+(AA92*30)+(AB92*365) -> 0 | O92: =#REF!+(#REF!*30)+#REF!*365 -> #REF! | P92: 45902 | Q92: =IF(P92="","",P92+365) -> 46267 | R92: =IF(P92="","",EDATE(P92,12+AG92)+AC92-N92) -> 46267 | S92: =IF(P92="","",IF(T92=TRUE,"يستحق العلاوة",IF(V92=TRUE,"قريبا يستحق العلاوة"," "))) | T92: =AND(MONTH(U92)=MONTH(R92),YEAR(U92)=YEAR(R92)) -> FALSE | U92: =TODAY() -> 46035 | V92: =AND(R92-U92<30,U92<R92) -> FALSE | AG92: =(((AD92*3)+(AE92*6)+(AF92*12))-AH92) -> 0 | AH92: =W92+X92 -> 0 | AK92: ملاك قديم | AL92: تم الترقية | AM92: scrypt:32768:8:1$W9krqZaFN5vjTME4$94a5240dabc26dad050bf5cbe113225e8349387b8c2a9003c4553effd6d0a397d8897474a6c184ab3c793d18faa649d0ee309cfae228fac2acef11b229cbc706 | AN92: 1 | AO92: 1 | AP92: ذكر
A93: 92 | B93: 100245642 | C93: غزوان محمود احمد احمد حمادي | D93: معاون مدير فني | E93: اعدادية صناعة | F93: 4 | G93: 5 | H93: =G93&"/"&F93 -> 5/4 | I93: =IF(G93="","",VLOOKUP(H93,ورقة1!$A$1:$B$240,2,0)) -> 541 | J93: =F93 -> 4 | K93: =IF(G93="","",G93+1) -> 6 | L93: =K93&"/"&J93 -> 6/4 | M93: =IF(K93="","",VLOOKUP(L93,ورقة1!$A$1:$B$240,2,0)) -> 549 | N93: =Z93+(AA93*30)+(AB93*365) -> 0 | O93: =#REF!+(#REF!*30)+#REF!*365 -> #REF! | P93: 45820 | Q93: =IF(P93="","",P93+365) -> 46185 | R93: =IF(P93="","",EDATE(P93,12+AG93)+AC93-N93) -> 46185 | S93: =IF(P93="","",IF(T93=TRUE,"يستحق العلاوة",IF(V93=TRUE,"قريبا يستحق العلاوة"," "))) | T93: =AND(MONTH(U93)=MONTH(R93),YEAR(U93)=YEAR(R93)) -> FALSE | U93: =TODAY() -> 46035 | V93: =AND(R93-U93<30,U93<R93) -> FALSE | AG93: =(((AD93*3)+(AE93*6)+(AF93*12))-AH93) -> 0 | AH93: =W93+X93 -> 0 | AK93: ملاك قديم | AM93: scrypt:32768:8:1$63wXAVIIuQdk6mlb$b03d40d4de79adaf679cb4b4177853454c74a4614ba99a8c3da6c0c6a5fa88a4509ccc2fb2ba9a935575c2652edbacd0a5c267fe15be208127226222712a8033 | AN93: 1 | AO93: 1 | AP93: ذكر
A94: 93 | B94: 148842728 | C94: فائز كامل عبدالله حسين | D94: معاون مدير فني | E94: اعدادية كهرباء | F94: 4 | G94: 1 | H94: =G94&"/"&F94 -> 1/4 | I94: =IF(G94="","",VLOOKUP(H94,ورقة1!$A$1:$B$240,2,0)) -> 509 | J94: =F94 -> 4 | K94: =IF(G94="","",G94+1) -> 2 | L94: =K94&"/"&J94 -> 2/4 | M94: =IF(K94="","",VLOOKUP(L94,ورقة1!$A$1:$B$240,2,0)) -> 517 | N94: =Z94+(AA94*30)+(AB94*365) -> 0 | O94: =#REF!+(#REF!*30)+#REF!*365 -> #REF! | P94: 45693 | Q94: =IF(P94="","",P94+365) -> 46058 | R94: =IF(P94="","",EDATE(P94,12+AG94)+AC94-N94) -> 46058 | S94: =IF(P94="","",IF(T94=TRUE,"يستحق العلاوة",IF(V94=TRUE,"قريبا يستحق العلاوة"," "))) -> قريبا يستحق العلاوة | T94: =AND(MONTH(U94)=MONTH(R94),YEAR(U94)=YEAR(R94)) -> FALSE | U94: =TODAY() -> 46035 | V94: =AND(R94-U94<30,U94<R94) -> TRUE | AG94: =(((AD94*3)+(AE94*6)+(AF94*12))-AH94) -> 0 | AH94: =W94+X94 -> 0 | AK94: ملاك قديم | AL94: تم الترقية 2025 | AM94: scrypt:32768:8:1$v7sqn75MshPaoxY0$6e256d222b2c28386b607b565534af3125fb503fafaa367c6e78ee2c052737acf81d281a0e734e2ea45c2896965999e58bbbede671df535244166ec4d11c0e0d | AN94: 1 | AO94: 1 | AP94: ذكر
A95: 94 | B95: 148855036 | C95: فرح عبدالاله سوادي عبدالعزيز | D95: معاون رئيس مهندسين | E95: بكالوريوس هندسة كيمياوية | F95: 4 | G95: 1 | H95: =G95&"/"&F95 -> 1/4 | I95: =IF(G95="","",VLOOKUP(H95,ورقة1!$A$1:$B$240,2,0)) -> 509 | J95: =F95 -> 4 | K95: =IF(G95="","",G95+1) -> 2 | L95: =K95&"/"&J95 -> 2/4 | M95: =IF(K95="","",VLOOKUP(L95,ورقة1!$A$1:$B$240,2,0)) -> 517 | N95: =Z95+(AA95*30)+(AB95*365) -> 0 | O95: =#REF!+(#REF!*30)+#REF!*365 -> #REF! | P95: 45731 | Q95: =IF(P95="","",P95+365) -> 46096 | R95: =IF(P95="","",EDATE(P95,12+AG95)+AC95-N95) -> 46188 | S95: =IF(P95="","",IF(T95=TRUE,"يستحق العلاوة",IF(V95=TRUE,"قريبا يستحق العلاوة"," "))) | T95: =AND(MONTH(U95)=MONTH(R95),YEAR(U95)=YEAR(R95)) -> FALSE | U95: =TODAY() -> 46035 | V95: =AND(R95-U95<30,U95<R95) -> FALSE | AD95: 1 | AG95: =(((AD95*3)+(AE95*6)+(AF95*12))-AH95) -> 3 | AH95: =W95+X95 -> 0 | AK95: ملاك قديم | AL95: امومة حسب الامر 37927في 31/7/2025 تاكد من القدم 6 اشهر مهندسين وتاريخ انفكاك الامومة اعتبارا من 15/7/2025 | AM95: scrypt:32768:8:1$gIlA99WkcDyjAfpR$abd928a01145e1ae63137ffc1195109bff37ab8f5371827918a8cf85781564c10b99f8929c4d48226b1239c87892cd9eba4ca05a03496c496d9a9e9dfae31375 | AN95: 1 | AO95: 1 | AP95: انثى
A96: 95 | B96: 100269262 | C96: قدس احمد فارس منيشن الساعدي | D96: معاون رئيس مهندسين | E96: بكالوريوس هندسة تقنيات الحاسبات | F96: 4 | G96: 5 | H96: =G96&"/"&F96 -> 5/4 | I96: =IF(G96="","",VLOOKUP(H96,ورقة1!$A$1:$B$240,2,0)) -> 541 | J96: =F96 -> 4 | K96: =IF(G96="","",G96+1) -> 6 | L96: =K96&"/"&J96 -> 6/4 | M96: =IF(K96="","",VLOOKUP(L96,ورقة1!$A$1:$B$240,2,0)) -> 549 | N96: =Z96+(AA96*30)+(AB96*365) -> 0 | O96: =#REF!+(#REF!*30)+#REF!*365 -> #REF! | P96: 45980 | Q96: =IF(P96="","",P96+365) -> 46345 | R96: =IF(P96="","",EDATE(P96,12+AG96)+AC96-N96) -> 46345 | S96: =IF(P96="","",IF(T96=TRUE,"يستحق العلاوة",IF(V96=TRUE,"قريبا يستحق العلاوة"," "))) | T96: =AND(MONTH(U96)=MONTH(R96),YEAR(U96)=YEAR(R96)) -> FALSE | U96: =TODAY() -> 46035 | V96: =AND(R96-U96<30,U96<R96) -> FALSE | AG96: =(((AD96*3)+(AE96*6)+(AF96*12))-AH96) -> 0 | AH96: =W96+X96 -> 0 | AK96: ملاك قديم | AM96: scrypt:32768:8:1$d57KujnjRDb8Kkwv$812952c6f607a5af506be223ff5f21ad93b4622ec99518bcbb761be63ab3409eb2e868613f66cb7bd18a3927b6469b915a80a28bba79bcc78bb3fff8cf3bd507 | AN96: 1 | AO96: 1 | AP96: ذكر
A97: 96 | B97: 148820104 | C97: كرار عبدالكريم عبدالمحسن حبيب | D97: معاون رئيس فيزياوين | E97: بكالوريوس فيزياء | F97: 4 | G97: 3 | H97: =G97&"/"&F97 -> 3/4 | I97: =IF(G97="","",VLOOKUP(H97,ورقة1!$A$1:$B$240,2,0)) -> 525 | J97: =F97 -> 4 | K97: =IF(G97="","",G97+1) -> 4 | L97: =K97&"/"&J97 -> 4/4 | M97: =IF(K97="","",VLOOKUP(L97,ورقة1!$A$1:$B$240,2,0)) -> 533 | N97: =Z97+(AA97*30)+(AB97*365) -> 0 | O97: =#REF!+(#REF!*30)+#REF!*365 -> #REF! | P97: 45722 | Q97: =IF(P97="","",P97+365) -> 46087 | R97: =IF(P97="","",EDATE(P97,12+AG97)+AC97-N97) -> 46087 | S97: =IF(P97="","",IF(T97=TRUE,"يستحق العلاوة",IF(V97=TRUE,"قريبا يستحق العلاوة"," "))) | T97: =AND(MONTH(U97)=MONTH(R97),YEAR(U97)=YEAR(R97)) -> FALSE | U97: =TODAY() -> 46035 | V97: =AND(R97-U97<30,U97<R97) -> FALSE | AG97: =(((AD97*3)+(AE97*6)+(AF97*12))-AH97) -> 0 | AH97: =W97+X97 -> 0 | AK97: ملاك قديم | AL97: تم الترقية | AM97: scrypt:32768:8:1$iCis16SxdSbMRj2R$ac31ccd16c949218066864b8647faf2731faba1d5273f06c671473985f0b07a25e7aef6c98420844f3e9fccb03d5e3bbac6ca22ea9be76ef1d21d6c62b06c7ac | AN97: 1 | AO97: 1 | AP97: ذكر
A98: 97 | B98: 100271832 | C98: كوثر جبار علي خضير الدراجي | D98: رئيس حرفيين أقدم اول | E98: متوسطة | F98: 4 | G98: 4 | H98: =G98&"/"&F98 -> 4/4 | I98: =IF(G98="","",VLOOKUP(H98,ورقة1!$A$1:$B$240,2,0)) -> 533 | J98: =F98 -> 4 | K98: =IF(G98="","",G98+1) -> 5 | L98: =K98&"/"&J98 -> 5/4 | M98: =IF(K98="","",VLOOKUP(L98,ورقة1!$A$1:$B$240,2,0)) -> 541 | N98: =Z98+(AA98*30)+(AB98*365) -> 0 | O98: =#REF!+(#REF!*30)+#REF!*365 -> #REF! | P98: 45895 | Q98: =IF(P98="","",P98+365) -> 46260 | R98: =IF(P98="","",EDATE(P98,12+AG98)+AC98-N98) -> 46260 | S98: =IF(P98="","",IF(T98=TRUE,"يستحق العلاوة",IF(V98=TRUE,"قريبا يستحق العلاوة"," "))) | T98: =AND(MONTH(U98)=MONTH(R98),YEAR(U98)=YEAR(R98)) -> FALSE | U98: =TODAY() -> 46035 | V98: =AND(R98-U98<30,U98<R98) -> FALSE | AG98: =(((AD98*3)+(AE98*6)+(AF98*12))-AH98) -> 0 | AH98: =W98+X98 -> 0 | AK98: ملاك قديم | AL98: تم الترقية 2025 | AM98: scrypt:32768:8:1$nd1rsOhsFPhOsM7W$b43839d0b400e87523c9c367a898d6b001464dd4ff39109fb80dba08e3205a03c79ee66363b49f194f2198d707287ce6c454285ba6a04970c0f43ffd067296ac | AN98: 1 | AO98: 1 | AP98: انثى
A99: 98 | B99: 148845037 | C99: محمد ابراهيم صالح مهدي | D99: معاون مدير فني | E99: اعدادية سيارات | F99: 4 | G99: 1 | H99: =G99&"/"&F99 -> 1/4 | I99: =IF(G99="","",VLOOKUP(H99,ورقة1!$A$1:$B$240,2,0)) -> 509 | J99: =F99 -> 4 | K99: =IF(G99="","",G99+1) -> 2 | L99: =K99&"/"&J99 -> 2/4 | M99: =IF(K99="","",VLOOKUP(L99,ورقة1!$A$1:$B$240,2,0)) -> 517 | N99: =Z99+(AA99*30)+(AB99*365) -> 0 | O99: =#REF!+(#REF!*30)+#REF!*365 -> #REF! | P99: 45784 | Q99: =IF(P99="","",P99+365) -> 46149 | R99: =IF(P99="","",EDATE(P99,12+AG99)+AC99-N99) -> 46149 | S99: =IF(P99="","",IF(T99=TRUE,"يستحق العلاوة",IF(V99=TRUE,"قريبا يستحق العلاوة"," "))) | T99: =AND(MONTH(U99)=MONTH(R99),YEAR(U99)=YEAR(R99)) -> FALSE | U99: =TODAY() -> 46035 | V99: =AND(R99-U99<30,U99<R99) -> FALSE | AG99: =(((AD99*3)+(AE99*6)+(AF99*12))-AH99) -> 0 | AH99: =W99+X99 -> 0 | AK99: ملاك قديم | AL99: تم الترقية 2025 | AM99: scrypt:32768:8:1$MKoKLdHd1NEz0YyV$68d792e6490836384fc9ccbc4b531285a2eaf0db6476eb2dc954f716da38e39e467ed5017fb852aa8ae2de152c6f4bca6b0acfa5c30f3334dd3cf36e0f0419ef | AN99: 1 | AO99: 1 | AP99: ذكر
A100: 99 | B100: 146674347 | C100: محمد مخلف عبد جديع الدليمي | D100: معاون مدير | E100: بكالوريوس علوم سياسية | F100: 4 | G100: 2 | H100: =G100&"/"&F100 -> 2/4 | I100: =IF(G100="","",VLOOKUP(H100,ورقة1!$A$1:$B$240,2,0)) -> 517 | J100: =F100 -> 4 | K100: =IF(G100="","",G100+1) -> 3 | L100: =K100&"/"&J100 -> 3/4 | M100: =IF(K100="","",VLOOKUP(L100,ورقة1!$A$1:$B$240,2,0)) -> 525 | N100: =Z100+(AA100*30)+(AB100*365) -> 0 | O100: =#REF!+(#REF!*30)+#REF!*365 -> #REF! | P100: 45839 | Q100: =IF(P100="","",P100+365) -> 46204 | R100: =IF(P100="","",EDATE(P100,12+AG100)+AC100-N100) -> 46204 | S100: =IF(P100="","",IF(T100=TRUE,"يستحق العلاوة",IF(V100=TRUE,"قريبا يستحق العلاوة"," "))) | T100: =AND(MONTH(U100)=MONTH(R100),YEAR(U100)=YEAR(R100)) -> FALSE | U100: =TODAY() -> 46035 | V100: =AND(R100-U100<30,U100<R100) -> FALSE | AG100: =(((AD100*3)+(AE100*6)+(AF100*12))-AH100) -> 0 | AH100: =W100+X100 -> 0 | AK100: ملاك قديم | AL100: تم الترقية 2025 | AM100: scrypt:32768:8:1$jbu11wAXZvKuD6Qb$6e5db988e5f0889c59a9d7b13159487d4da4252d67c799360d6c0a55bb4153f344a6bcf15b86132d3ec83b72cd3f5805a6c46309ca837e5e677f30bd06485d57 | AN100: 1 | AO100: 1 | AP100: ذكر
...

Sheet ورقة1
A1: 1/1 | B1: 910
A2: 2/1 | B2: 930
A3: 3/1 | B3: 950
A4: 4/1 | B4: 970
A5: 5/1 | B5: 990
A6: 6/1 | B6: 1010
A7: 7/1 | B7: 1030
A8: 8/1 | B8: 1050
A9: 9/1 | B9: 1070
A10: 10/1 | B10: 1090
A11: 11/1 | B11: 1110
A12: 1/2 | B12: 723
... A111: 12/1 | B111: 1130
A112: 13/1 | B112: =B111+20 -> 1150
A113: 14/1 | B113: 1170
A114: 15/1 | B114: 1190
A115: 16/1 | B115: 1210
A116: 17/1 | B116: 1230
A117: 18/1 | B117: 1250
A118: 19/1 | B118: 1270
A119: 20/1 | B119: 1290
A120: 12/2 | B120: 913
A121: 13/2 | B121: 933
A122: 14/2 | B122: 953
A123: 15/2 | B123: 973
A124: 16/2 | B124: 993
... A240: 30/5 | B240: 603

Sheet علاوات عام ملاك جديد2024
A1: جدول مستحقي العلاوات لشهر اذار الملاك الجديد محطة كهرباء الشهيد علي سبع
A2: ت | B2: الاسم الثلاثي | C2: العنوان الوظيفي | D2: الدرجة | E2: المرحلة القديمة | F2: الراتب القديم | G2: المرحلة الجديدة | H2: الراتب الجديد | I2: تاريخ الاستحقاق القديم | J2: تاريخ الاستحقاق الجديد | K2: كتب الشكر | L2: رقم وتاريخ كتب الشكر | M2: خدمة المدورة | P2: اجازة بدون راتب / غيابات | Q2: لفت نظر / امومة | R2: انذار | S2: توبيخ | T2: رقم وتاريخ العقوبات | U2: الملاحضات
A3: 1 | B3: تغريد محمد عباس داود العبيدي | C3: معاون كيمياوي | D3: 7 | E3: 1 | F3: 296 | G3: 2 | H3: 302 | I3: 44909 | J3: 45336 | K3: 1 | L3: 17929 في 11/3/2024 | Q3: 1 | U3: امومة
A4: 2 | B4: رفل مصطفى حمد مصطفى التكريتي | C4: معاون مهندس | D4: 7 | E4: 1 | F4: 296 | G4: 2 | H4: 302 | I4: 44909 | J4: 45336 | K4: 1 | L4: 17929 في 11/3/2024 | Q4: 1 | U4: امومة
A5: 3 | B5: زينة احمد عبد عبدالله الصميدعي | C5: معاون مبرمج | D5: 7 | E5: 1 | F5: 296 | G5: 2 | H5: 302 | I5: 44909 | J5: 45336 | K5: 1 | L5: 17929 في 11/3/2024 | Q5: 1 | U5: امومة
A6: 4 | B6: وديان جمال صعبان خضيرالعكيدي | C6: معاون ملاحظ | D6: 7 | E6: 1 | F6: 296 | G6: 2 | H6: 302 | I6: 44909 | J6: 45336 | K6: 1 | L6: 17929 في 11/3/2024 | Q6: 1 | U6: امومة
A7: 5 | B7: طيبة صباح ياسين عبدالكريم النجدي | C7: معاون مهندس | D7: 7 | E7: 1 | F7: 296 | G7: 2 | H7: 302 | I7: 44909 | J7: 45239 | K7: 2 | L7: 2237 12/4/2023 17929 في 11/3/2024 | P7: 26 | U7: 26 بدون راتب
A8: 6 | B8: صفا عبدالناصر عبدالفتاح عبد الراوي | C8: كاتب | D8: 8 | E8: 1 | F8: 260 | G8: 2 | H8: 263 | I8: 44909 | J8: 45336 | K8: 1 | L8: 17929 في 11/3/2024 | Q8: 1 | U8: امومة
A9: 7 | B9: طيبة خالد وليد هادي السامرائي | C9: كاتب | D9: 8 | E9: 1 | F9: 260 | G9: 2 | H9: 263 | I9: 44909 | J9: 45336 | K9: 1 | L9: 17929 في 11/3/2024 | Q9: 1 | U9: امومة
A10: 8 | B10: ادريس مجيد حميد جمعة اللهيبي | C10: حرفي اول | D10: 9 | E10: 1 | F10: 210 | G10: 2 | H10: 213 | I10: 44909 | J10: 45369 | K10: 1 | L10: 17929 في 11/3/2024 | P10: 125 | U10: 125 اربعة اشهر بدون راتب
A11: 9 | B11: ندى انور عبدالرحمن احمد | C11: حرفي اول | D11: 9 | E11: 1 | F11: 210 | G11: 2 | H11: 213 | I11: 44909 | J11: 45339 | K11: 2 | L11: 2237 12/4/2023 17929 في 11/3/2024 | P11: 34 | Q11: 1 | U11: 34+اجازة امومة
A12: 10 | B12: هبة يوسف كريم عبود سقي | C12: حرفي اول | D12: 9 | E12: 1 | F12: 210 | G12: 2 | H12: 213 | I12: 44909 | J12: 45331 | K12: 2 | L12: 2237 12/4/2023 17929 في 11/3/2024 | P12: 26 | Q12: 1 | U12: 26+اجازة امومة
A13: 11 | B13: محمد كريم امين ياس | C13: حرفي | D13: 10 | E13: 1 | F13: 170 | G13: 2 | H13: 173 | I13: 44909 | J13: 45365 | Q13: 1 | U13: عقوبة لفت نظر
A14: 12 | B14: مروان عبدالرحمن نوري عبدالعزيز | C14: حرفي | D14: 10 | E14: 4 | F14: 179 | G14: 5 | H14: 182 | I14: 44909 | J14: 45365 | Q14: 1 | U14: عقوبة لفت نظر
A15: 13 | B15: زمن مجيد هاشم ناصر الشميلاوي | C15: حرفي | D15: 10 | E15: 2 | F15: 173 | G15: 3 | H15: 176 | I15: 45063 | J15: 45399 | K15: 1 | L15: 17929 في 11/3/2024
A16: 14 | B16: زينب تركي حسن عبد التميمي | C16: حرفي | D16: 10 | E16: 2 | F16: 173 | G16: 3 | H16: 176 | I16: 45060 | J16: 45396 | K16: 1 | L16: 17929 في 11/3/2024
A17: 15 | B17: نور انور فخري فاضل الربيعي | C17: معاون ملاحظ | D17: 7 | E17: 1 | F17: 296 | G17: 2 | H17: 302 | I17: 45160 | J17: 45434 | K17: 3 | L17: 17929 في 11/3/2024 26994في 2024/4/21 26995في 2024/4/21
A18: 16 | B18: وفاء عباس مهدي عباس الغانمي | C18: معاون ملاحظ | D18: 7 | E18: 1 | F18: 296 | G18: 2 | H18: 302 | I18: 45153 | J18: 45427 | K18: 3 | L18: 24105 في 2024/4/7 17929 في 11/3/2024 27109 في 2024/4/22
A19: 17 | B19: رسل قحطان عدنان كريم | C19: معاون محاسب | D19: 7 | E19: 1 | F19: 296 | G19: 2 | H19: 302 | I19: 44909 | J19: 45183 | K19: 3 | L19: 2283 16/4/2023 2237 12/4/2023 17929 في 11/3/2024 | U19: تم تغيير العنوان
A20: 18 | B20: سارة قاسم طوفان شفيق الجبوري | C20: معاون محاسب | D20: 7 | E20: 1 | F20: 296 | G20: 2 | H20: 302 | I20: 44909 | J20: 45213 | K20: 2 | L20: 2237 12/4/2023 17929 في 11/3/2024 | U20: تم تغيير العنوان
A21: 19 | B21: شمس الضحى صفاء احمد محمد الفارس | C21: معاون محاسب | D21: 7 | E21: 1 | F21: 296 | G21: 2 | H21: 302 | I21: 44909 | J21: 45183 | K21: 3 | L21: 2283 16/4/2023 6240 3/9/2023 2237 12/4/2023 | U21: تم تغيير العنوان 17929 في 11/3/2024
A22: 20 | B22: عثمان خميس خلف كاظم الهيبي | C22: معاون مهندس تقني | D22: 7 | E22: 1 | F22: 296 | G22: 2 | H22: 302 | I22: 44909 | J22: 45244 | K22: 1 | L22: 17929 في 11/3/2024 | U22: تم تغيير العنوان
A23: 21 | B23: محمد احمد عواد صالح الفهداوي | C23: معاون محاسب | D23: 7 | E23: 1 | F23: 296 | G23: 2 | H23: 302 | I23: 44909 | J23: 45213 | K23: 2 | L23: 5977 24/8/2023 6240 3/9/2032 | U23: تم تغيير العنوان 17929 في 11/3/2024 26994في 2024/4/21
A24: 22 | B24: مصطفى مبدر عبدالهادي عباس العزاوي | C24: معاون مهندس تقني | D24: 7 | E24: 1 | F24: 296 | G24: 2 | H24: 302 | I24: 44909 | J24: 45213 | K24: 2 | L24: 6240 3/9/2023 17929 في 11/3/2024 | U24: تم تغيير العنوان
A25: 23 | B25: منهل فاضل ناجي كاظم الجبوري | C25: معاون مهندس تقني | D25: 7 | E25: 1 | F25: 296 | G25: 2 | H25: 302 | I25: 44909 | J25: 45244 | K25: 1 | L25: 17929 في 11/3/2024 | U25: تم تغيير العنوان
A26: 24 | B26: وليد عبدالقادر فهد حمود الشيخلي | C26: معاون مهندس تقني | D26: 7 | E26: 1 | F26: 296 | G26: 2 | H26: 302 | I26: 44909 | J26: 45213 | K26: 2 | L26: 7491 16/10/2023 17929 في 11/3/2024 | U26: تم تغيير عنوانه
A27: 25 | B27: ياسر طلال عبود بداي الساعدي | C27: معاون محاسب | D27: 7 | E27: 1 | F27: 296 | G27: 2 | H27: 302 | I27: 44909 | J27: 45213 | K27: 2 | L27: 2283 16/4/2023 17929 في 11/3/2024 | U27: تم تغيير العنوان
A28: 26 | B28: محمد محمود عبدالله محسن العزاوي | C28: فني | D28: 8 | E28: 1 | F28: 260 | G28: 2 | H28: 263 | I28: 44909 | J28: 45426 | K28: 1 | L28: 2785 26/4/2023 | R28: 1 | U28: عقوبة انذار
A29: 27 | B29: هبة طه فتحي عبود النوبان | C29: كاتب | D29: 8 | E29: 1 | F29: 260 | G29: 2 | H29: 263 | I29: 44909 | J29: 45213 | K29: 2 | L29: 2237 12/4/2023 3826 6/6/2023 | U29: تم تغيير العنوان 17929 في 2024/3/11 26994في 11/3/2024 26995في 2024/4/21
A30: 28 | B30: زهراء صاحب جارة جاسم الجابري | C30: كاتب | D30: 8 | E30: 5 | F30: 272 | G30: 6 | H30: 275 | I30: 45160 | J30: 45434 | K30: 3 | L30: 4870 23/7/2023 2237 12/4/2023 17929 في 11/3/2024
A31: 29 | B31: هديل خالد غريب محمد حسين | C31: حرفي اول | D31: 9 | E31: 1 | F31: 210 | G31: 2 | H31: 213 | I31: 44909 | J31: 45426 | K31: 1 | L31: 2237 12/4/2023 | R31: 1 | U31: عقوبة انذار
A32: 30 | B32: احمد منصور حسون عبدالسيد التميمي | C32: حرفي | D32: 10 | E32: 2 | F32: 173 | G32: 3 | H32: 176 | I32: 45094 | J32: 45429 | K32: 1 | L32: 17929 في 11/3/2024
A33: 31 | B33: حسن عبيس علوان عيفان الحيلاني | C33: حرفي | D33: 10 | E33: 2 | F33: 173 | G33: 3 | H33: 176 | I33: 45092 | J33: 45427 | K33: 1 | L33: 17929 في 11/3/2024
A34: 32 | B34: حسن نجيب عبدالحسن محمد علي الانباري | C34: حرفي | D34: 10 | E34: 2 | F34: 173 | G34: 3 | H34: 176 | I34: 45091 | J34: 45426 | K34: 1 | L34: 17929 في 11/3/2024
A35: 33 | B35: حسين حسن علوان عيفان الحيلان | C35: حرفي | D35: 10 | E35: 2 | F35: 173 | G35: 3 | H35: 176 | I35: 45091 | J35: 45426 | K35: 1 | L35: 17929 في 11/3/2024
A36: 34 | B36: حسين رحيم فليح حسن السعيدي | C36: حرفي | D36: 10 | E36: 2 | F36: 173 | G36: 3 | H36: 176 | I36: 45094 | J36: 45429 | K36: 1 | L36: 17929 في 11/3/2024
A37: 35 | B37: حسين عبدالكريم سلمان حمادي الحيالي | C37: حرفي | D37: 10 | E37: 2 | F37: 173 | G37: 3 | H37: 176 | I37: 45092 | J37: 45427 | K37: 1 | L37: 17929 في 11/3/2024
A38: 36 | B38: حيدر منصور حسون عبدالسيد | C38: حرفي | D38: 10 | E38: 2 | F38: 173 | G38: 3 | H38: 176 | I38: 45100 | J38: 45435 | K38: 1 | L38: 17929 في 11/3/2024
A39: 37 | B39: رحيم حرز كاطع حميد الكعبي | C39: حرفي | D39: 10 | E39: 2 | F39: 173 | G39: 3 | H39: 176 | I39: 45091 | J39: 45426 | K39: 1 | L39: 17929 في 11/3/2024
A40: 38 | B40: صالح كامل صالح حسن الركابي | C40: حرفي | D40: 10 | E40: 2 | F40: 173 | G40: 3 | H40: 176 | I40: 45102 | J40: 45437 | K40: 1 | L40: 17929 في 11/3/2024
A41: 39 | B41: عبدالرزاق ابراهيم كردي سليمان الحلبوسي | C41: حرفي | D41: 10 | E41: 2 | F41: 173 | G41: 3 | H41: 176 | I41: 45092 | J41: 45427 | K41: 1 | L41: 17929 في 11/3/2024
A42: 40 | B42: عدنان جنيد محمد طراد العبيدي | C42: حرفي | D42: 10 | E42: 2 | F42: 173 | G42: 3 | H42: 176 | I42: 45092 | J42: 45427 | K42: 1 | L42: 17929 في 11/3/2024
A43: 41 | B43: علاء ابراهيم نصيف جاسم المشهداني | C43: حرفي | D43: 10 | E43: 2 | F43: 173 | G43: 3 | H43: 176 | I43: 45091 | J43: 45426 | K43: 1 | L43: 17929 في 11/3/2024
... A56: 54 | B56: عادل موشي حمود عبد الشويلي | C56: حرفي | D56: 10 | E56: 2 | F56: 173 | G56: 3 | H56: 176 | I56: 45091 | J56: 45426 | K56: 1 | L56: 17929 في 11/3/2024
A57: 55 | B57: ابراهيم علوان ناصر حمزة المعموري | C57: حرفي | D57: 10 | E57: 1 | F57: 170 | G57: 2 | H57: 173 | I57: 44909 | J57: 45426 | K57: 1 | L57: 17929 في 11/3/2024 | R57: 1 | U57: عقوبة انذار
A58: 56 | B58: احمد محمد حردان خليفة العامري | C58: حرفي | D58: 10 | E58: 1 | F58: 170 | G58: 2 | H58: 173 | I58: 44909 | J58: 45426 | K58: 1 | L58: 17929 في 11/3/2024 | R58: 1 | U58: عقوبة انذار
A59: 57 | B59: حسن جميل حسون حمد الشريفي | C59: حرفي | D59: 10 | E59: 1 | F59: 170 | G59: 2 | H59: 173 | I59: 44909 | J59: 45426 | K59: 1 | L59: 17929 في 11/3/2024 | R59: 1 | U59: عقوبة انذار
A60: 58 | B60: عصام نوري حمادي الدليمي الدليمي | C60: حرفي | D60: 10 | E60: 1 | F60: 170 | G60: 2 | H60: 173 | I60: 44909 | J60: 45426 | K60: 1 | L60: 9106 6/12/2023 | R60: 1 | U60: عقوبة انذار 17929 في 11/3/2024
A61: 59 | B61: فاضل ابراهيم عبدالحسن مجلي الشمري | C61: حرفي | D61: 10 | E61: 1 | F61: 170 | G61: 2 | H61: 173 | I61: 44909 | J61: 45426 | K61: 1 | L61: 9106 6/12/2023 | R61: 1 | U61: عقوبة انذار 17929 في 11/3/2024 الغاء عقوبة حسب الامر 27019 في 21/4/2024 ينفذ بعد العلاوة
A62: 60 | B62: ماهر سعد محمود حسن الركابي | C62: حرفي | D62: 10 | E62: 4 | F62: 179 | G62: 5 | H62: 182 | I62: 44909 | J62: 45426 | K62: 1 | L62: 2785 26/4/2023 | R62: 1 | U62: عقوبة انذار 17929 في 11/3/2024 الغاء عقوبة حسب الامر 27019 في 21/4/2024 ينفذ بعد العلاوة
A63: 61 | B63: عدي فرج مزعل اخلاطي العبيدي | C63: حرفي | D63: 10 | E63: 1 | F63: 170 | G63: 2 | H63: 173 | I63: 44909 | J63: 45426 | K63: 1 | L63: 9106 6/12/2023 | R63: 1 | U63: عقوبة انذار 17929 في 11/3/2024
A64: 62 | B64: احمد صلاح حسن علاوي المشهداني | C64: حرفي | D64: 10 | E64: 5 | F64: 182 | G64: 6 | H64: 185 | I64: 45091 | J64: 45426 | K64: 1 | L64: 17929 في 11/3/2024
A65: 63 | B65: زيد اياد شهاب أحمد الجبوري | C65: حرفي | D65: 10 | E65: 5 | F65: 182 | G65: 6 | H65: 185 | I65: 45091 | J65: 45426 | K65: 1 | L65: 17929 في 11/3/2024
A66: 64 | B66: سجاد علي جابر علي النوري | C66: حرفي | D66: 10 | E66: 5 | F66: 182 | G66: 6 | H66: 185 | I66: 45092 | J66: 45427 | K66: 1 | L66: 17929 في 11/3/2024
A67: 65 | B67: سمير خميس حميد احمد الفلاحي | C67: حرفي | D67: 10 | E67: 5 | F67: 182 | G67: 6 | H67: 185 | I67: 45102 | J67: 45437 | K67: 1 | L67: 17929 في 11/3/2024
A68: 66 | B68: صدام حميد عيدان رجب ركيباوي | C68: حرفي | D68: 10 | E68: 5 | F68: 182 | G68: 6 | H68: 185 | I68: 45091 | J68: 45426 | K68: 1 | L68: 17929 في 11/3/2024
A69: 67 | B69: صفاء نجم عبد خلف العبيدي | C69: حرفي | D69: 10 | E69: 5 | F69: 182 | G69: 6 | H69: 185 | I69: 45094 | J69: 45429 | K69: 1 | L69: 17929 في 11/3/2024
A70: 68 | B70: عبدالله فارس احمد جاسم السلماني | C70: حرفي | D70: 10 | E70: 5 | F70: 182 | G70: 6 | H70: 185 | I70: 45091 | J70: 45426 | K70: 1 | L70: 17929 في 11/3/2024
A71: 69 | B71: عثمان محمود حبيب احمد المشهداني | C71: حرفي | D71: 10 | E71: 5 | F71: 182 | G71: 6 | H71: 185 | I71: 45091 | J71: 45426 | K71: 1 | L71: 17929 في 11/3/2024
A72: 70 | B72: عدنان سالم محمود عيدان / | C72: حرفي | D72: 10 | E72: 5 | F72: 182 | G72: 6 | H72: 185 | I72: 45091 | J72: 45426 | K72: 1 | L72: 17929 في 11/3/2024
A73: 71 | B73: علي عباس حسن ياسين المشهداني | C73: حرفي | D73: 10 | E73: 5 | F73: 182 | G73: 6 | H73: 185 | I73: 45091 | J73: 45426 | K73: 1 | L73: 17929 في 11/3/2024
A74: 72 | B74: علي غياض عنيد خلف اللامي | C74: حرفي | D74: 10 | E74: 5 | F74: 182 | G74: 6 | H74: 185 | I74: 45091 | J74: 45426 | K74: 1 | L74: 17929 في 11/3/2024
A75: 73 | B75: قاسم خالد سلمان حريش الجبوري | C75: حرفي | D75: 10 | E75: 5 | F75: 182 | G75: 6 | H75: 185 | I75: 45102 | J75: 45437 | K75: 1 | L75: 17929 في 11/3/2024
... A84: 82 | B84: محمد عادل كاطع جبر | C84: حرفي | D84: 10 | E84: 5 | F84: 182 | G84: 6 | H84: 185 | I84: 45091 | J84: 45426 | K84: 1 | L84: 17929 في 11/3/2024
A85: 1 | B85: محمد اياد صلاح حسن الصوالح | C85: محاسب | D85: 6 | E85: 2 | F85: 368 | G85: 3 | H85: 374 | I85: 45424 | J85: 45428 | K85: 6 | L85: 24659 في 22/5/2024 | N85: 6 | U85: تمت ترقيته مفوضية منح على اثرها (6) اشهرلديه مدور من الترقية السابقة
A86: 2 | B86: ابرار فاضل محمد عبود البوسلطان | C86: معاون مهندس | D86: 7 | E86: 2 | F86: 302 | G86: 3 | H86: 308 | I86: 45244 | J86: 45396 | K86: 7 | L86: 17929 في 11/3/2024 24659 في 22/5/2024 | U86: مفوضية منح على اثرها (6) اشهر
A87: 3 | B87: احمد جمال كافي طه الالوسي | C87: معاون قانوني | D87: 7 | E87: 2 | F87: 302 | G87: 3 | H87: 308 | I87: 45275 | J87: 45427 | K87: 7 | L87: 17929 في 11/3/2024 24659 في 22/5/2024 | U87: مفوضية منح على اثرها (6) اشهر
A88: 4 | B88: احمد زياد طارق رشيد العكيلي | C88: معاون مهندس | D88: 7 | E88: 2 | F88: 302 | G88: 3 | H88: 308 | I88: 45286 | J88: 45438 | K88: 7 | L88: 17929 في 11/3/2024 24659 في 22/5/2024 | U88: مفوضية منح على اثرها (6) اشهر
A89: 5 | B89: احمد محمد عبدالرزاق عبدالوهاب العمر | C89: معاون ملاحظ اعلامي | D89: 7 | E89: 2 | F89: 302 | G89: 3 | H89: 308 | I89: 45274 | J89: 45426 | K89: 7 | L89: 17929 في 11/3/2024 24659 في 22/5/2024 | U89: مفوضية منح على اثرها (6) اشهر
A90: 6 | B90: احمد ياسين محمود علي المشهداني | C90: مساعد باحث سياسي | D90: 7 | E90: 2 | F90: 302 | G90: 3 | H90: 308 | I90: 45274 | J90: 45426 | K90: 7 | L90: 17929 في 11/3/2024 24659 في 22/5/2024 | U90: مفوضية منح على اثرها (6) اشهر
A91: 7 | B91: اسامة عرفان معروف رفيق الشيخلي | C91: معاون محاسب | D91: 7 | E91: 2 | F91: 302 | G91: 3 | H91: 308 | I91: 45274 | J91: 45426 | K91: 7 | L91: 17929 في 11/3/2024 24659 في 22/5/2024 | U91: مفوضية منح على اثرها (6) اشهر
A92: 8 | B92: امنة رعد محمد حسن العاني | C92: معاون مهندس | D92: 7 | E92: 2 | F92: 302 | G92: 3 | H92: 308 | I92: 45244 | J92: 45396 | K92: 7 | L92: 17929 في 11/3/2024 24659 في 22/5/2024 | U92: مفوضية منح على اثرها (6) اشهر
A93: 9 | B93: تحسين محمد عبد عبود | C93: معاون ملاحظ | D93: 7 | E93: 2 | F93: 302 | G93: 3 | H93: 308 | I93: 45274 | J93: 45426 | K93: 7 | L93: 17929 في 11/3/2024 24659 في 22/5/2024 | U93: مفوضية منح على اثرها (6) اشهر
A94: 10 | B94: جاسم اكريم جاسم حميد الدليمي | C94: معاون ملاحظ | D94: 7 | E94: 2 | F94: 302 | G94: 3 | H94: 308 | I94: 45244 | J94: 45396 | K94: 7 | L94: 17929 في 11/3/2024 24659 في 22/5/2024 | U94: مفوضية منح على اثرها (6) اشهر
A95: 11 | B95: زيد محمد عباس يونس البياتي | C95: معاون محاسب | D95: 7 | E95: 2 | F95: 302 | G95: 3 | H95: 308 | I95: 45274 | J95: 45396 | K95: 8 | L95: 17929 في 11/3/2024 26995في 2024/4/21 24659 في 22/5/2024 | U95: مفوضية منح على اثرها (6) اشهر
A96: 12 | B96: سيف فراس جاسم ابراهيم الطائي | C96: معاون ملاحظ | D96: 7 | E96: 2 | F96: 302 | G96: 3 | H96: 308 | I96: 45245 | J96: 45397 | K96: 7 | L96: 17929 في 11/3/2024 24659 في 22/5/2024 | U96: مفوضية منح على اثرها (6) اشهر
A97: 13 | B97: سيف مهدي ابراهيم مهدي الدليمي | C97: معاون مصحح | D97: 7 | E97: 2 | F97: 302 | G97: 3 | H97: 308 | I97: 45274 | J97: 45426 | K97: 7 | L97: 17929 في 11/3/2024 24659 في 22/5/2024 | U97: مفوضية منح على اثرها (6) اشهر
... A109: 25 | B109: طه فاضل كاظم جابر | C109: معاون ملاحظ | D109: 7 | E109: 1 | F109: 296 | G109: 2 | H109: 302 | I109: 45160 | J109: 45313 | K109: 7 | L109: 17929 في 11/3/2024 24659 في 22/5/2024 | U109: مفوضية منح على اثرها (6) اشهر
A110: 26 | B110: اثير محمد حميد علي | C110: معاون قانوني | D110: 7 | E110: 2 | F110: 302 | G110: 3 | H110: 308 | I110: 45420 | J110: 45380 | K110: 6 | L110: 24659 في 22/5/2024 | M110: 14 | N110: 7 | U110: احتساب شهادات مفوضية منح على اثرها (6) اشهر 24659 في 22/5/2024
A111: 27 | B111: احمد زهير جسام محمد اللهيبي | C111: معاون ملاحظ اعلامي | D111: 7 | E111: 2 | F111: 302 | G111: 3 | H111: 308 | I111: 45420 | J111: 45408 | K111: 6 | L111: 24659 في 22/5/2024 | M111: 16 | N111: 6 | U111: احتساب شهادات مفوضية
A112: 28 | B112: احمد عبدالوهاب محمد عثمان المشهداني | C112: معاون ملاحظ اعلامي | D112: 7 | E112: 2 | F112: 302 | G112: 3 | H112: 308 | I112: 45420 | J112: 45436 | K112: 6 | L112: 24659 في 22/5/2024 | M112: 18 | N112: 5 | U112: احتساب شهادات مفوضية منح على اثرها (6) اشهر
A113: 29 | B113: ازهار حكمت عبدالله حبيب المشهداني | C113: معاون ملاحظ | D113: 7 | E113: 2 | F113: 302 | G113: 3 | H113: 308 | I113: 45420 | J113: 45328 | K113: 6 | L113: 24659 في 22/5/2024 | M113: 6 | N113: 9 | U113: احتساب شهادات مفوضية منح على اثرها (6) اشهر
A114: 30 | B114: سعد حميد حسين عذاب السلماني | C114: معاون ملاحظ | D114: 7 | E114: 2 | F114: 302 | G114: 3 | H114: 308 | I114: 45420 | J114: 45327 | K114: 6 | L114: 24659 في 22/5/2024 | M114: 7 | N114: 9 | U114: احتساب شهادات مفوضية منح على اثرها (6) اشهر
A115: 31 | B115: طه ثامر عيسى درب اللهيبي | C115: معاون ملاحظ | D115: 7 | E115: 2 | F115: 302 | G115: 3 | H115: 308 | I115: 45420 | J115: 45365 | K115: 6 | L115: 24659 في 22/5/2024 | M115: 29 | N115: 7 | U115: احتساب شهادات مفوضية منح على اثرها (6) اشهر
A116: 32 | B116: عبدالله فاضل رشيد حسن / | C116: معاون باحث | D116: 7 | E116: 2 | F116: 302 | G116: 3 | H116: 308 | I116: 45420 | J116: 45433 | K116: 6 | L116: 24659 في 22/5/2024 | M116: 21 | N116: 5 | U116: احتساب شهادات مفوضية منح على اثرها (6) اشهر
A117: 33 | B117: فاروق معيوف احمد حسن الجبوري | C117: معاون ملاحظ | D117: 7 | E117: 1 | F117: 296 | G117: 2 | H117: 302 | I117: 45153 | J117: 45306 | K117: 7 | L117: 17929 في 11/3/2024 24659 في 22/5/2024 | U117: مفوضية منح على اثرها (6) اشهر
A118: 34 | B118: مثنى عبدالله صالح عذاب السلماني | C118: معاون باحث | D118: 7 | E118: 2 | F118: 302 | G118: 3 | H118: 308 | I118: 45420 | J118: 45334 | K118: 6 | L118: 24659 في 22/5/2024 | N118: 9 | U118: احتساب شهادات مفوضية منح على اثرها (6) اشهر
A119: 35 | B119: مثنى محمد مضحي غريب الخزرجي | C119: معاون باحث | D119: 7 | E119: 1 | F119: 296 | G119: 2 | H119: 302 | I119: 45160 | J119: 45313 | K119: 7 | L119: 17929 في 11/3/2024 24659 في 22/5/2024 | U119: مفوضية منح على اثرها (6) اشهر
A120: 36 | B120: مصعب هادي محمود حسن اللهيبي | C120: معاون محاسب | D120: 7 | E120: 2 | F120: 302 | G120: 3 | H120: 308 | I120: 45420 | J120: 45378 | K120: 6 | L120: 24659 في 22/5/2024 | M120: 16 | N120: 7 | U120: احتساب شهادات مفوضية منح على اثرها (6) اشهر
A121: 37 | B121: منتظر ستار احمد يوسف الدراجي | C121: معاون مصحح | D121: 7 | E121: 2 | F121: 302 | G121: 3 | H121: 308 | I121: 45420 | J121: 45327 | K121: 6 | L121: 24659 في 22/5/2024 | M121: 7 | N121: 9 | U121: احتساب شهادات مفوضية منح على اثرها (6) اشهر
A122: 38 | B122: ازهار محسن عبد الحسن ربح الحميداوي | C122: معاون باحث | D122: 7 | E122: 3 | F122: 308 | G122: 4 | H122: 314 | I122: 45420 | J122: 45321 | K122: 6 | L122: 24659 في 22/5/2024 | M122: 13 | N122: 9 | U122: احتساب شهادات مفوضية منح على اثرها (6) اشهر
A123: 39 | B123: حسين علي حسن نعيس الساعدي | C123: معاون مبرمج | D123: 7 | E123: 1 | F123: 296 | G123: 2 | H123: 302 | I123: 45160 | J123: 45313 | K123: 7 | L123: 17929 في 11/3/2024 24659 في 22/5/2024 | U123: مفوضية منح على اثرها (6) اشهر
A124: 40 | B124: محمد احمد عواد صالح الفهداوي | C124: معاون محاسب | D124: 7 | E124: 2 | F124: 302 | G124: 3 | H124: 308 | I124: 45213 | J124: 45396 | K124: 6 | L124: 24659 في 22/5/2024 | U124: تم تغيير العنوان مفوضية منح على اثرها (6) اشهر
A125: 41 | B125: ياسر طلال عبود بداي الساعدي | C125: معاون محاسب | D125: 7 | E125: 2 | F125: 302 | G125: 3 | H125: 308 | I125: 45213 | J125: 45396 | K125: 6 | L125: 24659 في 22/5/2024 | U125: تم تغيير العنوان مفوضية منح على اثرها (6) اشهر
A126: 42 | B126: عبدالحكم علي صالح احمد الدليمي | C126: معاون مصحح | D126: 7 | E126: 1 | F126: 296 | G126: 2 | H126: 302 | I126: 45153 | J126: 45275 | K126: 8 | L126: 24659 في 22/5/2024 17929 في 11/3/2024 10498 في 2024/3/20 | U126: مفوضية منح على اثرها (6) اشهر
A127: 43 | B127: عمر نزار اسماعيل عبد | C127: معاون مصحح | D127: 7 | E127: 1 | F127: 296 | G127: 2 | H127: 302 | I127: 45154 | J127: 45307 | K127: 7 | L127: 17929 في 11/3/2024 24659 في 22/5/2024 | U127: مفوضية منح على اثرها (6) اشهر
A128: 44 | B128: اسامة كريم حسين سعيد النقشبندي | C128: فني | D128: 8 | E128: 2 | F128: 263 | G128: 3 | H128: 266 | I128: 45274 | J128: 45426 | K128: 7 | L128: 17929 في 11/3/2024 24659 في 22/5/2024 | U128: مفوضية منح على اثرها (6) اشهر
A129: 45 | B129: تمار احمد عبدالنبي عبود الدليمي | C129: فني | D129: 8 | E129: 2 | F129: 263 | G129: 3 | H129: 266 | I129: 45274 | J129: 45426 | K129: 7 | L129: 17929 في 11/3/2024 24659 في 22/5/2024 | U129: مفوضية منح على اثرها (6) اشهر
A130: 46 | B130: سنان عكاب خليل ابراهيم المشهداني | C130: كاتب | D130: 8 | E130: 2 | F130: 263 | G130: 3 | H130: 266 | I130: 45274 | J130: 45426 | K130: 7 | L130: 17929 في 11/3/2024 24659 في 22/5/2024 | U130: مفوضية منح على اثرها (6) اشهر
A131: 47 | B131: عباس هاشم محمد بدن المحمداوي | C131: كاتب | D131: 8 | E131: 2 | F131: 263 | G131: 3 | H131: 266 | I131: 45274 | J131: 45426 | K131: 7 | L131: 17929 في 11/3/2024 24659 في 22/5/2024 | U131: مفوضية منح على اثرها (6) اشهر
...

Sheet علاوات ملاك قديم عام 2024
A1: جدول مستحقي العلاوات لشهر اذار محطة كهرباء الشهيد علي سبع
A2: ت | B2: الاسم الثلاثي | C2: العنوان الوظيفي | D2: الدرجة | E2: المرحلة القديمة | F2: الراتب القديم | G2: المرحلة الجديدة | H2: الراتب الجديد | I2: تاريخ الاستحقاق القديم | J2: تاريخ الاستحقاق الجديد | K2: كتب الشكر | L2: رقم وتاريخ كتب الشكر | M2: خدمة المدورة | P2: اجازة بدون راتب / غيابات | Q2: لفت نظر / امومة | R2: انذار | S2: توبيخ | T2: رقم وتاريخ العقوبات | U2: الملاحضات
M3: يوم | N3: شهر | O3: سنة
A4: 1 | B4: عصام محسن محمود صالح الموسوي | C4: رئيس مهندسين تقني اقدم | D4: 2 | E4: 18 | F4: 1033 | G4: 19 | H4: 1053 | I4: 44990 | J4: 45327 | K4: 1 | L4: 17929 في 11/3/2024
A5: 2 | B5: داود سلمان جبر راضي البديري | C5: معاون مدير فني | D5: 4 | E5: 2 | F5: 517 | G5: 3 | H5: 525 | I5: 45027 | J5: 45333 | K5: 2 | L5: 17929 في 11/3/2024 404 في 15/1/2024
A6: 3 | B6: قدس احمد فارس منيشن الساعدي | C6: معاون رئيس مهندسين | D6: 4 | E6: 1 | F6: 509 | G6: 2 | H6: 517 | I6: 45004 | J6: 45341 | K6: 1 | L6: 17929 في 11/3/2024
A7: 4 | B7: احمد هيثم نافع العاني | C7: معاون مدير فني | D7: 4 | E7: 1 | F7: 509 | G7: 2 | H7: 517 | I7: 45029 | J7: 45364 | K7: 1 | L7: 17929 في 11/3/2024
A8: 5 | B8: اسراء علي حسين ظاهر الجبوري | C8: معاون مدير حسابات | D8: 4 | E8: 4 | F8: 533 | G8: 5 | H8: 541 | I8: 45074 | J8: 45379 | K8: 2 | L8: 17929 في 11/3/2024 269 في 10/1/2024
A9: 6 | B9: رعد مديح جميل محمد النعيمي | C9: معاون مدير فني | D9: 4 | E9: 10 | F9: 581 | G9: 11 | H9: 589 | I9: 45074 | J9: 45379 | K9: 2 | L9: 17929 في 11/3/2024 296 في 10/1/2024
A10: 7 | B10: براق اسماعيل محمد ابرهيم | C10: رئيس ملاحظين | D10: 5 | E10: 2 | F10: 435 | G10: 3 | H10: 441 | I10: 45221 | J10: 45346 | K10: 1 | L10: 17929 في 11/3/2024 | M10: 1 | N10: 7
A11: 8 | B11: حامد حسين بكر حسين | C11: رئيس ملاحظين فني | D11: 5 | E11: 3 | F11: 441 | G11: 4 | H11: 447 | I11: 45010 | J11: 45347 | K11: 1 | L11: 17929 في 11/3/2024
A12: 9 | B12: حيدر ابراهيم مراد علي | C12: مهندس تقني اقدم | D12: 5 | E12: 3 | F12: 441 | G12: 4 | H12: 447 | I12: 44986 | J12: 45323 | K12: 1 | L12: 17929 في 11/3/2024
A13: 10 | B13: رائد شاكر حافظ جلاب الساعدي | C13: رئيس ملاحظين | D13: 5 | E13: 1 | F13: 429 | G13: 2 | H13: 435 | I13: 45237 | J13: 45340 | K13: 1 | L13: 17929 في 11/3/2024 | M13: 22 | N13: 7
A14: 11 | B14: قصي طه نايف عباس | C14: رئيس ملاحظين فني | D14: 5 | E14: 1 | F14: 429 | G14: 2 | H14: 435 | I14: 45237 | J14: 45345 | K14: 1 | L14: 17929 في 11/3/2024 | M14: 17 | N14: 7
A15: 12 | B15: منذر مهدي حمودي منصور | C15: رئيس ملاحظين | D15: 5 | E15: 3 | F15: 441 | G15: 4 | H15: 447 | I15: 45221 | J15: 45327 | K15: 1 | L15: 17929 في 11/3/2024 | M15: 20 | N15: 7
A16: 13 | B16: نور طه نصيف عبداللطيف | C16: رئيس ملاحظين | D16: 5 | E16: 3 | F16: 441 | G16: 4 | H16: 447 | I16: 45008 | J16: 45345 | K16: 1 | L16: 17929 في 11/3/2024 404 في 15/1/2024
A17: 14 | B17: بشار ابراهيم عبدالله جزاع | C17: رئيس ملاحظين فني | D17: 5 | E17: 1 | F17: 429 | G17: 2 | H17: 435 | I17: 45237 | J17: 45375 | K17: 1 | L17: 17929 في 11/3/2024 | M17: 17 | N17: 6
A18: 15 | B18: سناء وليد احمد سلمان | C18: رئيس ملاحظين | D18: 5 | E18: 3 | F18: 441 | G18: 4 | H18: 447 | I18: 45033 | J18: 45368 | K18: 1 | L18: 17929 في 11/3/2024
A19: 16 | B19: عبدالعظيم ياسين طه حسن | C19: محاسب اقدم | D19: 5 | E19: 4 | F19: 447 | G19: 5 | H19: 453 | I19: 45028 | J19: 45363 | K19: 1 | L19: 17929 في 11/3/2024
A20: 17 | B20: علي محمد عبدالجبار زيدان | C20: رئيس ملاحظين | D20: 5 | E20: 3 | F20: 441 | G20: 4 | H20: 447 | I20: 45024 | J20: 45359 | K20: 1 | L20: 17929 في 11/3/2024
A21: 18 | B21: فائز كامل عبدالله حسين | C21: رئيس ملاحظين فني | D21: 5 | E21: 3 | F21: 441 | G21: 4 | H21: 447 | I21: 45221 | J21: 45360 | K21: 1 | L21: 17929 في 11/3/2024 | M21: 17 | N21: 6
A22: 19 | B22: كوثر جبار علي خضير الدراجي | C22: رئيس حرفيين أقدم | D22: 5 | E22: 7 | F22: 465 | G22: 8 | H22: 471 | I22: 45039 | J22: 45374 | K22: 1 | L22: 17929 في 11/3/2024
A23: 20 | B23: مهند علي عبدالكريم مجيد | C23: رئيس ملاحظين فني | D23: 5 | E23: 2 | F23: 435 | G23: 3 | H23: 441 | I23: 45028 | J23: 45363 | K23: 1 | L23: 17929 في 11/3/2024
A24: 21 | B24: مهند هلال ثويني حمزه | C24: مهندس تقني اقدم | D24: 5 | E24: 3 | F24: 441 | G24: 4 | H24: 447 | I24: 45044 | J24: 45379 | K24: 1 | L24: 17929 في 11/3/2024
A25: 22 | B25: نصير قدوري احمد عكلة الدليمي | C25: رئيس حرفيين اقدم | D25: 5 | E25: 3 | F25: 441 | G25: 4 | H25: 447 | I25: 45027 | J25: 45362 | K25: 1 | L25: 17929 في 11/3/2024
A26: 23 | B26: امير محمد حامد احمد النقيب | C26: ملاحظ فني | D26: 6 | E26: 3 | F26: 374 | G26: 4 | H26: 380 | I26: 44994 | J26: 45331 | K26: 1 | L26: 17929 في 11/3/2024
A27: 24 | B27: اوس حسام جواد علي | C27: ملاحظ فني | D27: 6 | E27: 1 | F27: 362 | G27: 2 | H27: 368 | I27: 45017 | J27: 45323 | K27: 2 | L27: 17929 في 11/3/2024 404 في 15/1/2024
A28: 25 | B28: حسن اثير حكمت مجيد | C28: ملاحظ | D28: 6 | E28: 3 | F28: 374 | G28: 4 | H28: 380 | I28: 45006 | J28: 45343 | K28: 1 | L28: 17929 في 11/3/2024
A29: 26 | B29: حسنين عماد هاشم محمد صالح | C29: مهندس | D29: 6 | E29: 3 | F29: 374 | G29: 4 | H29: 380 | I29: 45031 | J29: 45337 | K29: 2 | L29: 17929 في 11/3/2024 617 في 21/1/2024
A30: 27 | B30: سيف عبدالكريم بلبول مطر | C30: رئيس حرفيين | D30: 6 | E30: 2 | F30: 368 | G30: 3 | H30: 374 | I30: 44998 | J30: 45335 | K30: 1 | L30: 17929 في 11/3/2024
A31: 28 | B31: صديق محمود جبار ابراهيم | C31: ملاحظ فني | D31: 6 | E31: 3 | F31: 374 | G31: 4 | H31: 380 | I31: 45010 | J31: 45347 | K31: 1 | L31: 17929 في 11/3/2024
A32: 29 | B32: محمد عماد خليل ابراهيم | C32: مهندس تقني | D32: 6 | E32: 3 | F32: 374 | G32: 4 | H32: 380 | I32: 44991 | J32: 45328 | K32: 1 | L32: 17929 في 11/3/2024
A33: 30 | B33: حسين علي محمد سعيد | C33: رئيس حرفيين | D33: 6 | E33: 1 | F33: 362 | G33: 2 | H33: 368 | I33: 45029 | J33: 45364 | K33: 1 | L33: 17929 في 11/3/2024
... A36: 33 | B36: قصي محمد سالم عبدالرزاق العكيلي | C36: رئيس حرفيين | D36: 6 | E36: 2 | F36: 368 | G36: 3 | H36: 374 | I36: 45029 | J36: 45364 | K36: 1 | L36: 17929 في 11/3/2024
A37: 34 | B37: احمد مؤيد اسماعيل خيرو النعيمي | C37: معاون رئيس سواق | D37: 7 | E37: 1 | F37: 296 | G37: 2 | H37: 302 | I37: 45237 | J37: 45346 | K37: 1 | L37: 17929 في 11/3/2024 | M37: 16 | N37: 7
A38: 35 | B38: عادل حميد كاظم سرداح | C38: معاون رئيس حرفيين | D38: 7 | E38: 3 | F38: 308 | G38: 4 | H38: 314 | I38: 45171 | J38: 45324 | K38: 7 | L38: 17929 في 11/3/2024 9106 في 6/12/2023
A39: 36 | B39: فاضل عباس شلال محمد | C39: معاون رئيس حرفيين | D39: 7 | E39: 3 | F39: 308 | G39: 4 | H39: 314 | I39: 45015 | J39: 45351 | K39: 1 | L39: 17929 في 11/3/2024
A40: 37 | B40: اسماء هاشم طاهر | C40: معاون رئيس حرفيين | D40: 7 | E40: 3 | F40: 308 | G40: 4 | H40: 314 | I40: 45059 | J40: 45364 | K40: 2 | L40: 17929 في 11/3/2024 6240 في 3/9/2023
A41: 38 | B41: عبدالله علي حسين احمد | C41: معاون رئيس حرفيين | D41: 7 | E41: 3 | F41: 308 | G41: 4 | H41: 314 | I41: 45060 | J41: 45365 | K41: 2 | L41: 17929 في 11/3/2024 404 في 15/1/2024
A42: 39 | B42: مهران عباس محمد محسن | C42: معاون رئيس حرفيين | D42: 7 | E42: 3 | F42: 308 | G42: 4 | H42: 314 | I42: 45023 | J42: 45358 | K42: 1 | L42: 17929 في 11/3/2024
A43: العلاوة السنوية لشهر نيسان لعام 2024 محطة كهرباء الشهيد علي سبع
A44: ت | B44: الاسم الثلاثي | C44: العنوان الوظيفي | D44: الدرجة | E44: المرحلة القديمة | F44: الراتب القديم | G44: المرحلة الجديدة | H44: الراتب الجديد | I44: تاريخ الاستحقاق القديم | J44: تاريخ الاستحقاق الجديد | K44: كتب الشكر | L44: رقم وتاريخ كتب الشكر | M44: خدمة المدورة | P44: اجازة بدون راتب / غيابات | Q44: لفت نظر / امومة | R44: انذار | S44: توبيخ | T44: رقم وتاريخ العقوبات | U44: الملاحضات
M45: يوم | N45: شهر | O45: سنة
A46: 1 | B46: احمد عبدالجبار جاسم محمد السامرائي | C46: معاون رئيس مهندسين | D46: 4 | E46: 1 | F46: 509 | G46: 2 | H46: 517 | I46: 45237 | J46: 45383 | K46: 1 | L46: 17929 في 11/3/2024 | M46: 9 | N46: 6
A47: 2 | B47: اياد حميدي رشيد عبد الخفاجي | C47: معاون مدير | D47: 4 | E47: 2 | F47: 517 | G47: 3 | H47: 525 | I47: 45057 | J47: 45393 | K47: 1 | L47: 17929 في 11/3/2024
A48: 3 | B48: تمارة ماجد كريم يونس المعموري | C48: بايولوجي اقدم | D48: 5 | E48: 1 | F48: 429 | G48: 2 | H48: 435 | I48: 45083 | J48: 45405 | K48: 2 | L48: 17929 في 11/3/2024 24105 في 2024/4/7 | P48: 17 | U48: غياب عدد (17)
A49: 4 | B49: حسام جميل محمد علي العزاوي | C49: معاون مدير فني | D49: 4 | E49: 2 | F49: 517 | G49: 3 | H49: 525 | I49: 45057 | J49: 45393 | K49: 1 | L49: 17929 في 11/3/2024
A50: 5 | B50: زمن رعد احمد سلمان | C50: رئيس ملاحظين | D50: 5 | E50: 3 | F50: 441 | G50: 4 | H50: 447 | I50: 45051 | J50: 45356 | K50: 2 | L50: 17929 في 11/3/2024 24105 في 2024/4/7
A51: 6 | B51: سلام مديح جميل محمد | C51: معاون رئيس حرفيين | D51: 7 | E51: 2 | F51: 302 | G51: 3 | H51: 308 | I51: 45221 | J51: 45390 | K51: 1 | L51: 17929 في 11/3/2024 | M51: 17 | N51: 5
A52: 7 | B52: علاء حسين ناصر حمود | C52: ملاحظ | D52: 6 | E52: 3 | F52: 374 | G52: 4 | H52: 380 | I52: 45049 | J52: 45385 | K52: 1 | L52: 17929 في 11/3/2024
A53: 8 | B53: علي عاصم محمد عزت | C53: رئيس ملاحظين | D53: 5 | E53: 1 | F53: 429 | G53: 2 | H53: 435 | I53: 45237 | J53: 45388 | K53: 1 | L53: 17929 في 11/3/2024 | M53: 4 | N53: 6
A54: 9 | B54: عماد رشيد صليبي حسن | C54: معاون رئيس حرفيين | D54: 7 | E54: 2 | F54: 302 | G54: 3 | H54: 308 | I54: 45068 | J54: 45350 | M54: 24 | N54: 2
A55: 10 | B55: عمر فائق لطيف عباس النعيمي | C55: رئيس حرفيين | D55: 6 | E55: 3 | F55: 374 | G55: 4 | H55: 380 | I55: 45057 | J55: 45393 | K55: 1 | L55: 17929 في 11/3/2024
A56: 11 | B56: فرح عبدالاله سوادي عبدالعزيز | C56: مهندس اقدم | D56: 5 | E56: 3 | F56: 441 | G56: 4 | H56: 447 | I56: 45031 | J56: 45396 | K56: 3 | L56: 17929 في 11/3/2024 24105 في 2024/4/7 26995في 2024/4/21 | Q56: 90 | U56: امومة
A57: ت | B57: الاسم الثلاثي | C57: العنوان الوظيفي | D57: الدرجة | E57: المرحلة القديمة | F57: الراتب القديم | G57: المرحلة الجديدة | H57: الراتب الجديد | I57: تاريخ الاستحقاق القديم | J57: تاريخ الاستحقاق الجديد | K57: كتب الشكر | L57: رقم وتاريخ كتب الشكر | M57: خدمة المدورة | P57: اجازة بدون راتب / غيابات | Q57: لفت نظر / امومة | R57: انذار | S57: توبيخ | T57: رقم وتاريخ العقوبات | U57: الملاحضات
M58: يوم | N58: شهر | O58: سنة
A59: 1 | B59: ياسر صبحي محمد عباس الزنكناوي | C59: رئيس مهندسين اقدم | D59: 2 | E59: 4 | F59: 774 | G59: 5 | H59: 791 | I59: 45148 | J59: 45422 | K59: 3 | L59: 17929 في 11/3/2024 7491 في 16/10/2023 7667 في 23/10/2023
A60: 2 | B60: خالد ابراهيم علي ابراهيم | C60: رئيس مهندسين | D60: 3 | E60: 3 | F60: 620 | G60: 4 | H60: 630 | I60: 45079 | J60: 45414 | K60: 1 | L60: 17929 في 11/3/2024
A61: 3 | B61: محمد عبد عصواد دشور الزييدي | C61: رئيس مهندسين | D61: 3 | E61: 1 | F61: 600 | G61: 2 | H61: 610 | I61: 45090 | J61: 45425 | K61: 1 | L61: 17929 في 11/3/2024
A62: 4 | B62: حيدر خليل اسماعيل رضا | C62: معاون رئيس مهندسين | D62: 4 | E62: 3 | F62: 525 | G62: 4 | H62: 533 | I62: 45125 | J62: 45430 | K62: 2 | L62: 17929 في 11/3/2024 23585 في 3/4/2024
A63: 5 | B63: احمد صباح حمدان ثويني الربيعي | C63: مشاور قانوني مساعد | D63: 5 | E63: 3 | F63: 441 | G63: 4 | H63: 447 | I63: 45095 | J63: 45430 | K63: 1 | L63: 17929 في 11/3/2024
A64: 6 | B64: رياض عباس شلال محمد العبيدي | C64: رئيس حرفيين اقدم | D64: 5 | E64: 1 | F64: 429 | G64: 2 | H64: 435 | I64: 45237 | J64: 45436 | K64: 1 | L64: 17929 في 11/3/2024 | M64: 16 | N64: 4
A65: 7 | B65: محمد عبدالرزاق محمود محمد التكريتي | C65: رئيس حرفيين | D65: 6 | E65: 1 | F65: 362 | G65: 2 | H65: 368 | I65: 45100 | J65: 45435 | K65: 1 | L65: 17929 في 11/3/2024
A66: 8 | B66: احمد ابراهيم رشيد صليبي | C66: معاون رئيس حرفيين | D66: 7 | E66: 1 | F66: 296 | G66: 2 | H66: 302 | I66: 45245 | J66: 45435 | K66: 2 | L66: 17929 في 11/3/2024 404 في 15/1/2024 | M66: 25 | N66: 3
A67: 9 | B67: حسين فهمي عيسى | C67: معاون ملاحظ | D67: 7 | E67: 2 | F67: 302 | G67: 3 | H67: 308 | I67: 45091 | J67: 45426 | K67: 1 | L67: 17929 في 11/3/2024
A68: 10 | B68: عبدالقادر سعد احمد حمود | C68: معاون رئيس حرفيين | D68: 7 | E68: 1 | F68: 296 | G68: 2 | H68: 302 | I68: 45237 | J68: 45418 | K68: 1 | L68: 17929 في 11/3/2024 | M68: 4 | N68: 5
A69: ت | B69: الاسم الثلاثي | C69: العنوان الوظيفي | D69: الدرجة | E69: المرحلة القديمة | F69: الراتب القديم | G69: المرحلة الجديدة | H69: الراتب الجديد | I69: تاريخ الاستحقاق القديم | J69: تاريخ الاستحقاق الجديد | K69: كتب الشكر | L69: رقم وتاريخ كتب الشكر | M69: خدمة المدورة | P69: اجازة بدون راتب / غيابات | Q69: لفت نظر / امومة | R69: انذار | S69: توبيخ | T69: رقم وتاريخ العقوبات | U69: الملاحضات
M70: يوم | N70: شهر | O70: سنة
A71: 1 | B71: امير حاتم فاضل عباس الطائي | C71: رئيس ملاحظين | D71: 5 | E71: 4 | F71: 447 | G71: 5 | H71: 453 | I71: 45250 | J71: 45371 | K71: 8 | L71: 17929 في 11/3/2024 34659 في 22/5/2024 33985 في 2024/5/20 | U71: مفوضية منح على اثرها (6) اشهر
A72: 2 | B72: اوس محسن عبد نصار | C72: معاون رئيس مهندسين | D72: 4 | E72: 1 | F72: 509 | G72: 2 | H72: 517 | I72: 45245 | J72: 45380 | K72: 7 | L72: 17929 في 11/3/2024 34659 في 22/5/2024 | M72: 17 | U72: مفوضية منح على اثرها (6) اشهر
A73: 3 | B73: بكر نبيل مجيد صالح | C73: مشاور قانوني مساعد | D73: 5 | E73: 4 | F73: 447 | G73: 5 | H73: 453 | I73: 45235 | J73: 45387 | K73: 7 | L73: 17929 في 11/3/2024 34659 في 22/5/2024 | U73: مفوضية منح على اثرها (6) اشهر
A74: 4 | B74: حارث عبدالكريم عبدالمطلب | C74: مهندس اقدم | D74: 5 | E74: 2 | F74: 435 | G74: 3 | H74: 441 | I74: 45261 | J74: 45413 | K74: 7 | L74: 17929 في 11/3/2024 34659 في 22/5/2024 | U74: مفوضية منح على اثرها (6) اشهر
A75: 5 | B75: علي سرمد قاسم امين | C75: مهندس اقدم | D75: 5 | E75: 4 | F75: 447 | G75: 5 | H75: 453 | I75: 45229 | J75: 45381 | K75: 7 | L75: 17929 في 11/3/2024 34659 في 22/5/2024 | U75: مفوضية منح على اثرها (6) اشهر
A76: جدول علاوات شهر (حزيران) الملاك القديم
A77: ت | B77: الاسم الثلاثي | C77: العنوان الوظيفي | D77: الدرجة | E77: المرحلة القديمة | F77: الراتب القديم | G77: المرحلة الجديدة | H77: الراتب الجديد | I77: تاريخ الاستحقاق القديم | J77: تاريخ الاستحقاق الجديد | K77: كتب الشكر | L77: رقم وتاريخ كتب الشكر | M77: خدمة المدورة | P77: اجازة بدون راتب / غيابات | Q77: لفت نظر / امومة | R77: انذار | S77: توبيخ | T77: رقم وتاريخ العقوبات | U77: الملاحضات
M78: يوم | N78: شهر | O78: سنة | V78: الجنس
A79: 1 | B79: وسن صباح عباس محمد الشجيري | C79: معاون رئيس مهندسين | D79: 3 | E79: 2 | F79: 610 | G79: 3 | H79: 620 | I79: 45171 | J79: 45445 | K79: 3 | L79: 17929 في 11/3/2024 7491 في 16/10/2023 23585 في3/4/2024 | U79: لديها 3كتب شكر | V79: انثى
A80: 2 | B80: احمد عماد حاتم حسين | C80: معاون رئيس مهندسين | D80: 4 | E80: 2 | F80: 517 | G80: 3 | H80: 525 | I80: 45221 | J80: 45463 | K80: 1 | L80: 17929 في 11/3/2024 | M80: 4 | N80: 3 | V80: ذكر
A81: 3 | B81: حيدر عبدالحسين كريم بريسم | C81: مشاور قانوني | D81: 4 | E81: 1 | F81: 509 | G81: 2 | H81: 517 | I81: 45294 | J81: 45446 | K81: 7 | L81: 17929 في 11/3/2024 39147 في 10/6/2024 منح على اثره (6) اشهر | V81: ذكر
A82: 4 | B82: علي امير سوار احمد البياتي | C82: معاون مدير فني | D82: 4 | E82: 5 | F82: 541 | G82: 6 | H82: 549 | I82: 45135 | J82: 45471 | K82: 1 | L82: 17929 في 11/3/2024 | V82: ذكر
A83: 5 | B83: نورس عبدالرحيم عبدالله احمد الربيعي | C83: معاون مدير | D83: 4 | E83: 5 | F83: 541 | G83: 6 | H83: 549 | I83: 45166 | J83: 45471 | K83: 2 | L83: 17929 في 11/3/2024 24105 في 2024/4/7 | U83: تمنح علاوة لحين اكمال المدة الاصغرية 20 سنة | V83: انثى
A84: 6 | B84: ايلاف صلاح مهدي عبود العنبكي | C84: رئيس ملاحظين فنيين | D84: 5 | E84: 1 | F84: 429 | G84: 2 | H84: 435 | I84: 45421 | J84: 45446 | M84: 10 | N84: 11 | U84: تم الترقية لديها مدور من الترقية السابقة | V84: انثى
A85: 7 | B85: عمر ياسر عبداللطيف موسى العاني | C85: مهندس اقدم | D85: 5 | E85: 3 | F85: 441 | G85: 4 | H85: 447 | I85: 45110 | J85: 45446 | K85: 1 | L85: 17929 في 11/3/2024 | V85: ذكر
A86: 8 | B86: يحيى اياد فاضل حمد | C86: مبرمج اقدم | D86: 5 | E86: 4 | F86: 447 | G86: 5 | H86: 453 | I86: 45308 | J86: 45460 | K86: 7 | L86: 17929 في 11/3/2024 34659 في 22/5/2024 | U86: مفوضية | V86: ذكر
A87: 9 | B87: محمد سعد احمد حسن | C87: ملاحظ فني | D87: 6 | E87: 2 | F87: 368 | G87: 3 | H87: 374 | I87: 45295 | J87: 45447 | K87: 7 | L87: 17929 في 11/3/2024 34659 في 22/5/2024 | U87: مفوضية | V87: ذكر
A88: 10 | B88: علي نجم عبدالله حسون | C88: ملاحظ | D88: 6 | E88: 2 | F88: 368 | G88: 3 | H88: 374 | I88: 45114 | J88: 45450 | K88: 1 | L88: 17929 في 11/3/2024 | V88: ذكر
A89: 11 | B89: احمد رياض حميد مجيد | C89: معاون رئيس حرفيين | D89: 7 | E89: 1 | F89: 296 | G89: 2 | H89: 302 | I89: 45132 | J89: 45468 | K89: 1 | L89: 17929 في 11/3/2024 | V89: ذكر
A90: 12 | B90: محمد جاسم محمد ابراهيم | C90: معاون رئيس حرفيين | D90: 7 | E90: 3 | F90: 308 | G90: 4 | H90: 314 | I90: 45108 | J90: 45444 | K90: 1 | L90: 17929 في 11/3/2024 | V90: ذكر
A91: 13 | B91: احمد رياض ابراهيم هايس العبيدي | C91: حرفي اقدم | D91: 8 | E91: 3 | F91: 266 | G91: 4 | H91: 269 | I91: 45143 | J91: 45448 | K91: 2 | L91: 17929 في 11/3/2024 404 في 15/1/2024 | V91: ذكر
A92: 14 | B92: عبدالرحمن فوزي عباس علي | C92: حرفي اقدم | D92: 8 | E92: 3 | F92: 266 | G92: 4 | H92: 269 | I92: 45134 | J92: 45470 | K92: 1 | L92: 17929 في 11/3/2024 | V92: ذكر
A93: جدول علاوات شهر (تموز) لعام 2024 الملاك القديم
A94: ت | B94: الاسم الثلاثي | C94: العنوان الوظيفي | D94: الدرجة | E94: المرحلة القديمة | F94: الراتب القديم | G94: المرحلة الجديدة | H94: الراتب الجديد | I94: تاريخ الاستحقاق القديم | J94: تاريخ الاستحقاق الجديد | K94: كتب الشكر | L94: رقم وتاريخ كتب الشكر | M94: خدمة المدورة | P94: اجازة بدون راتب / غيابات | Q94: لفت نظر / امومة | R94: انذار | S94: توبيخ | T94: رقم وتاريخ العقوبات | U94: الملاحضات
M95: يوم | N95: شهر | O95: سنة
A96: 1 | B96: نبيل ياسين طه حسن | C96: رئيس مهندسين | D96: 3 | E96: 2 | F96: 610 | G96: 3 | H96: 620 | I96: 45211 | J96: 45485 | K96: 3 | L96: 17929 في 11/3/2024 404 في 15/1/2024 7667 في 23/10/2023
A97: 2 | B97: سيف باسم محمد احمد | C97: معاون رئيس مهندسين | D97: 4 | E97: 4 | F97: 533 | G97: 5 | H97: 541 | I97: 45219 | J97: 45493 | K97: 3 | L97: 17929 في 11/3/2024 5002 في 26/7/2023 33985في2024/5/20
A98: 3 | B98: طلال صلاح حسن صالح | C98: رئيس ملاحظين فني | D98: 5 | E98: 4 | F98: 447 | G98: 5 | H98: 453 | I98: 45347 | J98: 45498 | K98: 7 | L98: 17929 في 11/3/2024 34659 في 22/5/2024 | U98: مفوضية
A99: 4 | B99: اسماعيل رشيد صليبي حسن | C99: رئيس حرفيين اقدم | D99: 5 | E99: 1 | F99: 429 | G99: 2 | H99: 435 | I99: 45245 | J99: 45504 | K99: 1 | L99: 17929 في 11/3/2024 | M99: 16 | N99: 2
A100: 5 | B100: زياد رشيد صليبي حسن | C100: معاون رئيس حرفيين | D100: 7 | E100: 2 | F100: 302 | G100: 3 | H100: 308 | I100: 45168 | J100: 45503 | K100: 1 | L100: 17929 في 11/3/2024
A101: 6 | B101: سلام عبد كامل حريش | C101: معاون رئيس حرفيين | D101: 7 | E101: 3 | F101: 308 | G101: 4 | H101: 314 | I101: 45164 | J101: 45499 | K101: 1 | L101: 17929 في 11/3/2024
A102: 7 | B102: محمد رشيد صليبي حسن | C102: معاون رئيس حرفيين | D102: 7 | E102: 1 | F102: 296 | G102: 2 | H102: 302 | I102: 45245 | J102: 45483 | K102: 1 | L102: 17929 في 11/3/2024 | M102: 7 | N102: 3
...

Sheet علاوات ياسر اكرم
A1: ت | B1: الاسم الرباعي | C1: العنوان الوظيفي | D1: التحصيل الدراسي | E1: الدرجة | F1: المرحلة القديمة | G1: الراتب القديم | H1: المرحلة الجديدة | I1: الراتب الجديد | J1: تاريخ الاستحقاق القديم | K1: تاريخ الاستحقاق الجديد | L1: كتب الشكر | M1: رقم وتاريخ كتب الشكر
A4: 1 | B4: ياسر اكرم داود سلمان القيسي | C4: رئيس مهندسين اقدم اول | D4: بكالوريوس هندسة ميكانيك | E4: 1 | F4: 1 | G4: 910 | H4: 2 | I4: 930 | J4: 45530 | K4: 45652 | L4: 8 | M4: 18526في 14/4/2025 4912 في 27/1/2025 11781في 27/2/2025
A5: 2 | B5: علاء حسين مكطوف الدراجي | C5: معاون رئيس سواق | D5: ابتدائية | E5: 7 | F5: 3 | G5: 308 | H5: 4 | I5: 314 | J5: 45523 | K5: 45676 | L5: 7 | M5: 14442في 13/3/2025 18526في 14/4/2025

Sheet ورقة2
A1: ت | B1: الاسم الرباعي | C1: العنوان الوظيفي | D1: التحصيل الدراسي | E1: الدرجة | F1: المرحلة القديمة | G1: الراتب القديم | H1: المرحلة الجديدة | I1: الراتب الجديد | J1: تاريخ الاستحقاق القديم | K1: تاريخ الاستحقاق الجديد | L1: تنبيه العلاوة | M1: كتب الشكر | N1: رقم وتاريخ كتب الشكر | O1: خدمة المدورة | R1: اجازة بدون راتب / غيابات | S1: لفت نظر / امومة | T1: انذار | U1: توبيخ | V1: رقم وتاريخ العقوبات | W1: الملاحضات | X1: نوع الملاك | Y1: الجنس
O2: يوم | P2: شهر | Q2: سنة
A4: 1 | B4: داود سلمان جبر راضي البديري | C4: معاون مدير فني | D4: اعدادية كهرباء | E4: 4 | F4: 5 | G4: 541 | H4: 6 | I4: 549 | J4: 45637 | K4: 46002 | W4: مفوضية | X4: ملاك قديم | Y4: ذكر
A5: 2 | B5: حسنين محمد باقر ماالله | C5: مهندس تقني اقدم | D5: بكالوريوس هندسة تقنيات الحاسوب | E5: 5 | F5: 5 | G5: 453 | H5: 6 | I5: 459 | J5: 45815 | K5: 45998 | M5: 6 | N5: 41626في 24/8/2025 | X5: ملاك قديم | Y5: ذكر
A6: 3 | B6: احمد زياد طارق رشيد العكيلي | C6: مهندس | D6: بكالوريوس هندسة مدني | E6: 6 | F6: 4 | G6: 380 | H6: 5 | I6: 386 | J6: 45820 | K6: 46003 | M6: 6 | N6: 41626في 24/8/2025 | W6: تم الترقية | X6: ملاك جديد | Y6: ذكر
A7: 4 | B7: الحسين صبيح مهدي علاوي الهاشمي | C7: مهندس | D7: بكالوريوس هندسة الحاسوب | E7: 6 | F7: 4 | G7: 380 | H7: 5 | I7: 386 | J7: 45827 | K7: 46010 | M7: 6 | N7: 41626في 24/8/2025 | W7: تم الترقية | X7: ملاك جديد | Y7: ذكر
A8: 5 | B8: شهد باسم عدنان عبدالغفور الخفاجي | C8: مبرمج | D8: بكالوريوس علوم حاسبات | E8: 6 | F8: 4 | G8: 380 | H8: 5 | I8: 386 | J8: 45870 | K8: 45992 | M8: 8 | X8: ملاك جديد | Y8: انثى
A9: 6 | B9: ياسر طلال عبود بداي الساعدي | C9: محاسب | D9: بكالوريوس ادارة و الاقتصاد / ادارة | E9: 6 | F9: 4 | G9: 380 | H9: 5 | I9: 386 | J9: 45820 | K9: 46003 | M9: 6 | N9: 47692في 16/9/2025 | W9: تم الترقية | X9: ملاك جديد | Y9: ذكر
A10: 7 | B10: زياد رشيد صليبي حسن | C10: معاون رئيس حرفيين | D10: دون الابتدائية | E10: 7 | F10: 4 | G10: 314 | H10: 5 | I10: 320 | J10: 45656 | K10: 46021 | X10: ملاك قديم | Y10: ذكر
A11: 8 | B11: احمد كريم عذيب مناع | C11: حرفي اقدم | D11: يقرأ ويكتب | E11: 8 | F11: 4 | G11: 269 | H11: 5 | I11: 272 | J11: 45446 | K11: 45811 | W11: تم الترقية 2025
A12: 9 | B12: احمد شاكر محمود خليفة الدليمي | C12: حرفي اول | D12: متوسطة | E12: 9 | F12: 4 | G12: 219 | H12: 5 | I12: 222 | J12: 45641 | K12: 46006 | W12: احتساب شهادات | X12: ملاك جديد | Y12: ذكر

Sheet ورقة3
A1: ت | B1: الاسم الرباعي | C1: العنوان الوظيفي | D1: التحصيل الدراسي | E1: الدرجة | F1: المرحلة القديمة | G1: الراتب القديم | H1: المرحلة الجديدة | I1: الراتب الجديد | J1: تاريخ الاستحقاق القديم | K1: تاريخ الاستحقاق الجديد | L1: تنبيه العلاوة | M1: كتب الشكر | N1: رقم وتاريخ كتب الشكر | O1: خدمة المدورة | R1: اجازة بدون راتب / غيابات | S1: لفت نظر / امومة | T1: انذار | U1: توبيخ | V1: رقم وتاريخ العقوبات | W1: الملاحضات | X1: نوع الملاك | Y1: الجنس
O2: يوم | P2: شهر | Q2: سنة
A4: 1 | B4: ابراهيم جاسم محسن جعفر الجمالي | C4: مدير فني | D4: اعدادية خطوط وقابلوات | E4: 3 | F4: 14 | G4: 751 | H4: 15 | I4: 768 | J4: 45778 | K4: 46143 | X4: ملاك قديم | Y4: ذكر
A5: 2 | B5: احمد محمود احمد حمادي الدليمي | C5: مدير فني | D5: اعدادية كهرباء | E5: 3 | F5: 7 | G5: 660 | H5: 8 | I5: 670 | J5: 45778 | K5: 46143 | X5: ملاك قديم | Y5: ذكر
A6: 3 | B6: ثائر حسن عيدان غيلان الربيعي | C6: مدير فني | D6: اعدادية سيارات | E6: 3 | F6: 14 | G6: 751 | H6: 15 | I6: 768 | J6: 45748 | K6: 46113 | X6: ملاك قديم | Y6: ذكر
A7: 4 | B7: رعد مديح جميل محمد النعيمي | C7: مدير فني | D7: اعدادية كهرباء | E7: 3 | F7: 2 | G7: 610 | H7: 3 | I7: 620 | J7: 45654 | K7: 46019 | W7: تم الترقية | X7: ملاك قديم | Y7: ذكر
A8: 5 | B8: خالد سالم حمدي حسن الحيالي | C8: مدير فني | D8: اعدادية صناعة تشغيل وحدات | E8: 3 | F8: 4 | G8: 630 | H8: 5 | I8: 640 | J8: 45778 | K8: 46143 | X8: ملاك قديم | Y8: ذكر
A9: 6 | B9: طلال كامل عبدالله حسين العزاوي | C9: مدير فني | D9: اعدادية ميكانيك | E9: 3 | F9: 6 | G9: 650 | H9: 7 | I9: 660 | J9: 45778 | K9: 46143 | X9: ملاك قديم | Y9: ذكر
A10: 7 | B10: عبدالرحيم حافظ نعيم عذاري الميالي | C10: مدير فني | D10: اعدادية تشغيل وحدات | E10: 3 | F10: 8 | G10: 670 | H10: 9 | I10: 680 | J10: 45778 | K10: 46143 | X10: ملاك قديم | Y10: ذكر
A11: 8 | B11: عبداللطيف حسين علي عباس | C11: مدير فني | D11: اعدادية كهرباء | E11: 3 | F11: 1 | G11: 600 | H11: 2 | I11: 610 | J11: 45900 | K11: 46239 | O11: 26 | W11: تم الترقية 2025 | X11: ملاك قديم | Y11: ذكر
A12: 9 | B12: فاضل محمود عباس سلمان الدوري | C12: مدير فني | D12: اعدادية ميكانيك | E12: 3 | F12: 13 | G12: 734 | H12: 14 | I12: 751 | J12: 45778 | K12: 46143 | X12: ملاك قديم | Y12: ذكر
A13: 10 | B13: فلاح حسن محسن درباش الشميل | C13: مدير فني | D13: اعدادية علمي | E13: 3 | F13: 7 | G13: 660 | H13: 8 | I13: 670 | J13: 45778 | K13: 46143 | X13: ملاك قديم | Y13: ذكر
A14: 11 | B14: محمد لطيف عباس عبدالرضا الزيرجاوي | C14: مدير فني | D14: اعدادية مهني كهرباء | E14: 3 | F14: 17 | G14: 802 | H14: 18 | I14: 819 | J14: 45839 | K14: 46023 | M14: 6 | N14: 29171في 16/6/2025 | W14: قدم (6) اشهر تعداد سكاني عقوبة لفت نظرحسب الامر 18719في 15/4/2025 | X14: ملاك قديم | Y14: ذكر
A15: 12 | B15: ندى حسن علي عبداللطيف الصفار | C15: مدير | D15: اعدادية تجارة | E15: 3 | F15: 1 | G15: 600 | H15: 2 | I15: 610 | J15: 45532 | K15: 45897 | W15: تم الترقية 2025 | X15: ملاك قديم | Y15: انثى

Sheet ورقة4
A1: ت | B1: الاسم الرباعي | C1: العنوان الوظيفي | D1: التحصيل الدراسي | E1: الدرجة | F1: المرحلة القديمة | G1: الراتب القديم | H1: المرحلة الجديدة | I1: الراتب الجديد | J1: تاريخ الاستحقاق القديم | K1: تاريخ الاستحقاق الجديد | L1: تنبيه العلاوة | M1: كتب الشكر | N1: رقم وتاريخ كتب الشكر | O1: خدمة المدورة | R1: اجازة بدون راتب / غيابات | S1: لفت نظر / امومة | T1: انذار | U1: توبيخ | V1: رقم وتاريخ العقوبات | W1: الملاحضات | X1: نوع الملاك | Y1: الجنس
O2: يوم | P2: شهر | Q2: سنة
A4: 1 | B4: سجى محمدعلي مهدي شلال الشرفي | C4: مدير حسابات اقدم | D4: دبلوم محاسبة | E4: 2 | F4: 3 | G4: 757 | H4: 4 | I4: 774 | J4: 45901 | K4: 46054 | M4: 7 | N4: 47692في 16/9/2025 48879في 21/9/2025 | X4: ملاك قديم | Y4: انثى
A5: 2 | B5: ناطق حمد مشتت حريب الدراجي | C5: مدير فني اقدم | D5: دبلوم كهرباء | E5: 2 | F5: 3 | G5: 757 | H5: 4 | I5: 774 | J5: 45839 | K5: 46204 | W5: تم الترقية | X5: ملاك قديم | Y5: ذكر
A6: 3 | B6: محمد محي حيدر زين العابدين البياتي | C6: مدير فني اقدم | D6: دبلوم كهرباء | E6: 2 | F6: 1 | G6: 723 | H6: 2 | I6: 740 | J6: 45835 | K6: 46200 | W6: تم الترقية 2025 | X6: ملاك قديم | Y6: ذكر

Sheet ترقيات الاخيرة
A1: ت | B1: الاسم الرباعي | C1: العنوان الوظيفي | D1: التحصيل الدراسي | E1: الدرجة | F1: المرحلة القديمة | G1: الراتب القديم | H1: المرحلة الجديدة | I1: الراتب الجديد | J1: تاريخ الاستحقاق القديم | K1: تاريخ الاستحقاق الجديد | L1: كتب الشكر | M1: رقم وتاريخ كتب الشكر | N1: خدمة المدورة | Q1: اجازة بدون راتب / غيابات | R1: لفت نظر / امومة | S1: انذار | T1: توبيخ | U1: رقم وتاريخ العقوبات | V1: الملاحضات | W1: نوع الملاك | X1: الجنس
N2: يوم | O2: شهر | P2: سنة
A4: 1 | B4: احمد زياد طارق رشيد العكيلي | C4: مهندس | D4: بكالوريوس هندسة مدني | E4: 6 | F4: 4 | G4: 380 | H4: 5 | I4: 386 | J4: 45820 | K4: 46003 | L4: 6 | M4: 41626في 24/8/2025 | V4: تم الترقية | W4: ملاك جديد | X4: ذكر
A5: 2 | B5: احمد عبدالوهاب محمد عثمان المشهداني | C5: معاون ملاحظ اعلامي | D5: بكالوريوس اعلام الصحافة الاذاعية | E5: 7 | F5: 4 | G5: 314 | H5: 5 | I5: 320 | J5: 45589 | K5: 45954 | L5: 6 | M5: 53173في 7/10/2025 | S5: 1 | V5: احتساب شهادات مفوضية تم تاخيره 6 اشهر تم منحه كتاب 6 اشهر وهو غير مستحقلانه مكلف | W5: ملاك جديد | X5: ذكر
A6: 3 | B6: احمد كريم عذيب مناع | C6: حرفي اقدم | D6: يقرأ ويكتب | E6: 8 | F6: 4 | G6: 269 | H6: 5 | I6: 272 | J6: 45446 | K6: 45811 | V6: تم الترقية 2025 يستحق الترقية في 28/3/2026
A7: 4 | B7: بلال سعد خليل حسن | C7: مهندس | D7: ماجستير | E7: 6 | F7: 6 | G7: 392 | H7: 7 | I7: 398 | J7: 45828 | K7: 46011 | L7: 6 | M7: 41626في 24/8/2025 | V7: نقل الينا ماجستير | W7: ملاك جديد | X7: ذكر
A8: 5 | B8: حيدر باقر مهدي حسن العبيدي | C8: مهندس | D8: ماجستير ميكانيك محطات قدرة كهربائية | E8: 6 | F8: 6 | G8: 392 | H8: 7 | I8: 398 | J8: 45826 | K8: 46009 | L8: 6 | M8: 41626في 24/8/2025 | V8: نقل الينا ماجستير | W8: ملاك جديد | X8: ذكر

Sheet ورقة5
A1: ((علاوات شهر 11 لعام 2025))
A2: ت | B2: الاسم الرباعي | C2: العنوان الوظيفي | D2: التحصيل الدراسي | E2: الدرجة | F2: المرحلة القديمة | G2: الراتب القديم | H2: المرحلة الجديدة | I2: الراتب الجديد | J2: تاريخ الاستحقاق القديم | K2: تاريخ الاستحقاق الجديد | L2: كتب الشكر | M2: رقم وتاريخ كتب الشكر | N2: خدمة المدورة | Q2: اجازة بدون راتب / غيابات | R2: لفت نظر / امومة | S2: انذار | T2: توبيخ | U2: رقم وتاريخ العقوبات
N3: يوم | O3: شهر | P3: سنة
A5: 1 | B5: ندى حسن علي عبداللطيف الصفار | C5: مدير | D5: اعدادية تجارة | E5: 3 | F5: 1 | G5: 600 | H5: 2 | I5: 610 | J5: 45532 | K5: 45897
A6: 2 | B6: رعد مديح جميل محمد النعيمي | C6: مدير فني | D6: اعدادية كهرباء | E6: 3 | F6: 2 | G6: 610 | H6: 3 | I6: 620 | J6: 45654 | K6: 45989 | L6: 1 | M6: 54202في 12/10/2025
A7: 3 | B7: مهند كشاش مشكور عكيش | C7: رئيس مهندسين تقنيين | D7: بكالوريوس هندسة تقنيات التبريد والتكييف | E7: 3 | F7: 9 | G7: 680 | H7: 10 | I7: 690 | J7: 45808 | K7: 45991 | L7: 6 | M7: 41626في 24/8/2025
A8: 4 | B8: رجاء زكي بريسم البهادلي | C8: رئيس حرفيين اقدم اول | D8: متوسطة | E8: 4 | F8: 1 | G8: 509 | H8: 2 | I8: 517 | J8: 45530 | K8: 45895
A9: 5 | B9: سعد فاضل سالم احمد الخفاجي | C9: رئيس حرفيين اقدم اول | D9: ابتدائية | E9: 4 | F9: 12 | G9: 599 | H9: 13 | I9: 906 | J9: 45530 | K9: 45895
A10: 6 | B10: علي سرمد قاسم امين الجنابي | C10: معاون رئيس مهندسين | D10: بكالوريوس هندسة كهرباء | E10: 4 | F10: 1 | G10: 509 | H10: 2 | I10: 517 | J10: 45899 | K10: 45899 | L10: 6 | M10: 18526في 14/4/2025 | O10: 6
A11: 7 | B11: عماد كاظم كاطع عبدالله العكيلي | C11: رئيس حرفيين اقدم اول | D11: ابتدائية | E11: 4 | F11: 5 | G11: 541 | H11: 6 | I11: 549 | J11: 45530 | K11: 45895
A12: 8 | B12: كوثر جبار علي خضير الدراجي | C12: رئيس حرفيين أقدم اول | D12: متوسطة | E12: 4 | F12: 1 | G12: 509 | H12: 2 | I12: 517 | J12: 45530 | K12: 45895
A13: 9 | B13: ناطق سلمان ملك حسين المالكي | C13: رئيس حرفيين اقدم اول | D13: ابتدائية | E13: 4 | F13: 1 | G13: 509 | H13: 2 | I13: 517 | J13: 45530 | K13: 45895
A14: 10 | B14: علي امير سوار احمد البياتي | C14: معاون مدير فني | D14: اعدادية كهرباء | E14: 4 | F14: 7 | G14: 557 | H14: 8 | I14: 565 | J14: 45624 | K14: 45989
A15: 11 | B15: قدس احمد فارس منيشن الساعدي | C15: معاون رئيس مهندسين | D15: بكالوريوس هندسة تقنيات الحاسبات | E15: 4 | F15: 4 | G15: 533 | H15: 5 | I15: 541 | J15: 45796 | K15: 45980 | L15: 6 | M15: 41626في 24/8/2025
A16: 12 | B16: مصطفى صبيح شهاب حمد | C16: معاون رئيس بايلوجيين | D16: بكالوريوس علوم حياة | E16: 4 | F16: 3 | G16: 525 | H16: 4 | I16: 533 | J16: 45662 | K16: 45843 | L16: 6 | M16: 54885في 13/10/2025
A17: 13 | B17: نعيم ناصر مارد نايف | C17: معاون مدير | D17: بكالوريوس ادارة اعمال | E17: 4 | F17: 2 | G17: 517 | H17: 3 | I17: 525 | J17: 45625 | K17: 45990
A18: 14 | B18: عبير فوزي محمد باقر | C18: رئيس ملاحظين اعلامي | D18: بكالوريوس اعلام | E18: 5 | F18: 4 | G18: 447 | H18: 5 | I18: 453 | J18: 45774 | K18: 45896 | L18: 8 | M18: 27611في 2/6/2025 52711في 6/10/2025 53173في 7/10/2025
A19: 15 | B19: غفران جاسم محمد | C19: رئيس ملاحظين | D19: اعدادية | E19: 5 | F19: 3 | G19: 441 | H19: 4 | I19: 447 | J19: 45653 | K19: 45988 | L19: 1 | M19: 27611في 2/6/2025
A20: 16 | B20: يعقوب يوسف طه حسن اللهيبي | C20: مهندس تقني اقدم | D20: بكالوريوس هندسة تقنيات القدرة الكهربائية | E20: 5 | F20: 4 | G20: 447 | H20: 5 | I20: 453 | J20: 45781 | K20: 45965 | L20: 6 | M20: 41626في 24/8/2025
A21: 17 | B21: احمد زهير جسام محمد اللهيبي | C21: ملاحظ اعلامي | D21: بكالوريوس اعلام الصحافة الاذاعية | E21: 6 | F21: 1 | G21: 362 | H21: 2 | I21: 368 | J21: 45900 | K21: 45922 | L21: 6 | M21: 53173في 7/10/2025 | N21: 9 | O21: 5
A22: 18 | B22: رائد حسن فاضل حسن | C22: رئيس حرفيين | D22: ابتدائية | E22: 6 | F22: 3 | G22: 374 | H22: 4 | I22: 380 | J22: 45899 | K22: 45909 | L22: 6 | M22: 18526في 14/4/2025 | N22: 22 | O22: 5
A23: 19 | B23: احمد كامل زيدان حافظ الذهيباوي | C23: ملاحظ | D23: بكالوريوس اداب علم نفس | E23: 6 | F23: 2 | G23: 368 | H23: 3 | I23: 374 | J23: 45626 | K23: 45991
A24: 20 | B24: اسراء عباس عبدالامير حسن البوشامي | C24: مصمم | D24: بكالوريوس تقنيات التصميم داخلي | E24: 6 | F24: 3 | G24: 374 | H24: 4 | I24: 380 | J24: 45647 | K24: 45982 | L24: 1 | M24: 20917في 24/4/2025
A25: 21 | B25: حسين حسام جليل عبود الربيعي | C25: ملاحظ اعلامي | D25: بكالوريوس اعلام | E25: 6 | F25: 3 | G25: 374 | H25: 4 | I25: 380 | J25: 45629 | K25: 45811 | L25: 6 | M25: 53173في 7/10/2025
A26: 22 | B26: رند علي حسين ارميح | C26: محاسب | D26: بكالوريوس محاسبة | E26: 6 | F26: 3 | G26: 374 | H26: 4 | I26: 380 | J26: 45782 | K26: 45966 | L26: 6 | M26: 47692في 16/9/2025
A27: 23 | B27: رؤى سمير صالح عويد الجبوري | C27: مهندس | D27: بكالوريوس هندسة مدني | E27: 6 | F27: 3 | G27: 374 | H27: 4 | I27: 380 | J27: 45805 | K27: 45989 | L27: 6 | M27: 41626في 24/8/2025
A28: 24 | B28: سجاد كاظم سبتي حنون الساري | C28: مهندس تقني | D28: بكالوريوس هندسة تقنيات الحاسوب | E28: 6 | F28: 3 | G28: 374 | H28: 4 | I28: 380 | J28: 45787 | K28: 45971 | L28: 6 | M28: 41626في 24/8/2025
A29: 25 | B29: سلام عبد كامل حريش | C29: رئيس حرفيين | D29: ابتدائية | E29: 6 | F29: 1 | G29: 362 | H29: 2 | I29: 368 | J29: 45622 | K29: 45987
A30: 26 | B30: سيف علي فياض جاسم الحلبوسي | C30: ملاحظ اعلامي | D30: بكالوريوس اعلام | E30: 6 | F30: 3 | G30: 374 | H30: 4 | I30: 380 | J30: 45769 | K30: 45952 | L30: 6 | M30: 53173في 7/10/2025
A31: 27 | B31: عمر نعمة ياسين عبدالله المشهداني | C31: ملاحظ | D31: دبلوم ادارة | E31: 6 | F31: 2 | G31: 368 | H31: 3 | I31: 374 | J31: 45598 | K31: 45963
A32: 28 | B32: فارس كريم شكر محمود الحنضل | C32: ملاحظ اعلامي | D32: بكالوريوس اعلام | E32: 6 | F32: 3 | G32: 374 | H32: 4 | I32: 380 | J32: 45777 | K32: 45960 | L32: 6 | M32: 53173في 7/10/2025
A33: 29 | B33: قمر عصام فليح حسن العاني | C33: مترجم | D33: بكالوريوس اداب انكليزي | E33: 6 | F33: 3 | G33: 374 | H33: 4 | I33: 380 | J33: 45597 | K33: 45962
A34: 30 | B34: محمد جاسم محمد ابراهيم | C34: رئيس حرفيين | D34: ابتدائية | E34: 6 | F34: 1 | G34: 362 | H34: 2 | I34: 368 | J34: 45901 | K34: 45966 | O34: 10
A35: 31 | B35: محمد خالد احمد سلمان الخالدي | C35: ملاحظ فني | D35: دبلوم فني | E35: 6 | F35: 2 | G35: 368 | H35: 3 | I35: 374 | J35: 45617 | K35: 45982
A36: 32 | B36: ميس يوسف سفيح اسحاق المشلب | C36: ملاحظ فني | D36: دبلوم مكائن ومعدات سيارات | E36: 6 | F36: 2 | G36: 368 | H36: 3 | I36: 374 | J36: 45618 | K36: 45983
A37: 33 | B37: هشام محارب عبد علاوي الحنظل | C37: ملاحظ اعلامي | D37: بكالوريوس اعلام | E37: 6 | F37: 3 | G37: 374 | H37: 4 | I37: 380 | J37: 45727 | K37: 45911 | L37: 6 | M37: 53173في 7/10/2025
A38: 34 | B38: حسن فاضل حسن عباس | C38: مصحح | D38: بكالوريوس اداب لغة عربية | E38: 6 | F38: 2 | G38: 368 | H38: 3 | I38: 374 | J38: 45716 | K38: 45989 | L38: 3 | M38: 32705في 3/7/2025 51990في 1/10/2025 57495في 23/10/2025
A39: 35 | B39: احمد سلمان محمد خلف الحياني | C39: معاون ملاحظ فني | D39: اعدادية كهرباء | E39: 7 | F39: 2 | G39: 302 | H39: 3 | I39: 308 | J39: 45892 | K39: 45929 | L39: 1 | M39: 14442في 13/3/2025 | N39: 27 | O39: 9
A40: 36 | B40: احمد رياض ابراهيم هايس العبيدي | C40: معاون رئيس حرفيين | D40: دون الابتدائية | E40: 7 | F40: 1 | G40: 296 | H40: 2 | I40: 302 | J40: 45601 | K40: 45966
A41: 37 | B41: احمد رياض حميد مجيد | C41: معاون رئيس حرفيين | D41: ابتدائية | E41: 7 | F41: 3 | G41: 308 | H41: 4 | I41: 314 | J41: 45621 | K41: 45986
A42: 38 | B42: اسراء خليل نجم عبدالعامري | C42: معاون مترجم | D42: بكالوريوس تربية لغة انكليزية | E42: 7 | F42: 2 | G42: 302 | H42: 3 | I42: 308 | J42: 45612 | K42: 45977
A43: 39 | B43: دلفاء غانم محمد احمد الجبوري | C43: معاون ملاحظ فني | D43: اعدادية تجارة | E43: 7 | F43: 3 | G43: 308 | H43: 4 | I43: 314 | J43: 45601 | K43: 45966
A44: 40 | B44: ذوالفقار ابراهيم محسن جاسم | C44: معاون ملاحظ | D44: دبلوم تقنيات | E44: 7 | F44: 2 | G44: 302 | H44: 3 | I44: 308 | J44: 45612 | K44: 45977
A45: 41 | B45: طه احمد حميد مجيد حنظل | C45: معاون قانوني | D45: بكالوريوس قانون | E45: 7 | F45: 3 | G45: 308 | H45: 4 | I45: 314 | J45: 45808 | K45: 45991 | L45: 6 | M45: 39234في 7/8/2025
A46: 42 | B46: علي سالم كامل هادي خميس | C46: معاون ملاحظ | D46: اعدادية تجارة ادارة | E46: 7 | F46: 3 | G46: 308 | H46: 4 | I46: 314 | J46: 45599 | K46: 45964
A47: 43 | B47: محجوب فيصل عليوي صالح العبيدي | C47: معاون مهندس تقني | D47: بكالوريوس هندسة تقنيات الحاسبات | E47: 7 | F47: 3 | G47: 308 | H47: 4 | I47: 314 | J47: 45778 | K47: 45962 | L47: 6 | M47: 41626في 24/8/2025
A48: 44 | B48: محمد طالب سكران خليل الجبوري | C48: معاون ملاحظ فني | D48: اعدادية صناعة | E48: 7 | F48: 3 | G48: 308 | H48: 4 | I48: 314 | J48: 45683 | K48: 45864 | L48: 6 | M48: 52609في 5/10/2025
A49: 45 | B49: محمد عودة شاوش | C49: معاون محاسب | D49: بكالوريوس محاسبة | E49: 7 | F49: 2 | G49: 302 | H49: 3 | I49: 308 | J49: 45740 | K49: 45924 | L49: 6 | M49: 46591في 14/9/2025
A50: 46 | B50: مصطفى سعد علي توفيق العاني | C50: معاون مصحح | D50: بكالوريوس دراسات اسلامية | E50: 7 | F50: 3 | G50: 308 | H50: 4 | I50: 314 | J50: 45641 | K50: 45976 | L50: 1 | M50: 26795في 28/5/2025
A51: 47 | B51: نور احسان علي جواد الحسني | C51: معاون ملاحظ | D51: اعدادية علمي | E51: 7 | F51: 3 | G51: 308 | H51: 4 | I51: 314 | J51: 45657 | K51: 45991 | L51: 1 | M51: 48879في 21/9/2025
A52: 48 | B52: هالة ستار جبار قاسم المالكي | C52: معاون ملاحظ | D52: بكالوريوس تربية بنات / الخدمة الاجتماعية | E52: 7 | F52: 3 | G52: 308 | H52: 4 | I52: 314 | J52: 45611 | K52: 45976
A53: 49 | B53: احمد سعد حاتم محمد العزاوي | C53: حرفي اقدم | D53: ابتدائية | E53: 8 | F53: 1 | G53: 260 | H53: 2 | I53: 263 | J53: 45610 | K53: 45975
A54: 50 | B54: امجد حميد ابراهيم احمد الخليفاوي | C54: حرفي اقدم | D54: ابتدائية | E54: 8 | F54: 1 | G54: 260 | H54: 2 | I54: 263 | J54: 45597 | K54: 45962
A55: 51 | B55: علي شاهر جاسم محمود اللهيبي | C55: حرفي اقدم | D55: ابتدائية | E55: 8 | F55: 1 | G55: 260 | H55: 2 | I55: 263 | J55: 45618 | K55: 45983
A56: 52 | B56: قمر طه نصيف عبداللطيف السامرائي | C56: حرفي اقدم | D56: ابتدائية | E56: 8 | F56: 1 | G56: 260 | H56: 2 | I56: 263 | J56: 45597 | K56: 45962
A57: 53 | B57: محمد احمد سويد فرحان الدليمي | C57: فني | D57: اعدادية مهني حاسوب | E57: 8 | F57: 2 | G57: 263 | H57: 3 | I57: 266 | J57: 45763 | K57: 45946 | L57: 6 | M57: 52609في 5/10/2025
A58: 54 | B58: مصطفى رعد عبدالوهاب جدوع البياتي | C58: حرفي اقدم | D58: متوسطة | E58: 8 | F58: 2 | G58: 263 | H58: 3 | I58: 266 | J58: 45634 | K58: 45969 | L58: 1 | M58: 26795في 28/5/2025
A59: 55 | B59: حسين علي حميد مطر | C59: حرفي اول | D59: دون الابتدائية | E59: 9 | F59: 3 | G59: 216 | H59: 4 | I59: 219 | J59: 45597 | K59: 45962
A60: 56 | B60: رحيم حرز كاطع حميد الكعبي | C60: حرفي اول | D60: دون الابتدائية | E60: 9 | F60: 3 | G60: 216 | H60: 4 | I60: 219 | J60: 45617 | K60: 45982
A61: 57 | B61: عادل موشي حمود عبد الشويلي | C61: حرفي اول | D61: دون الابتدائية | E61: 9 | F61: 3 | G61: 216 | H61: 4 | I61: 219 | J61: 45783 | K61: 45967 | L61: 6 | M61: 18526في 14/4/2025
A62: 58 | B62: عدي فرج مزعل اخلاطي اللامي | C62: حرفي اول | D62: دون الابتدائية | E62: 9 | F62: 3 | G62: 216 | H62: 4 | I62: 219 | J62: 45899 | K62: 45983 | N62: 11 | O62: 9

Sheet ورقة6
A1: ت | B1: الاسم الرباعي | C1: العنوان الوظيفي | D1: التحصيل الدراسي | E1: الدرجة | F1: المرحلة القديمة | G1: الراتب القديم | H1: المرحلة الجديدة | I1: الراتب الجديد | J1: تاريخ الاستحقاق القديم | K1: تاريخ الاستحقاق الجديد | L1: كتب الشكر | M1: رقم وتاريخ كتب الشكر | N1: خدمة المدورة | Q1: اجازة بدون راتب / غيابات | R1: لفت نظر / امومة | S1: انذار | T1: توبيخ | U1: رقم وتاريخ العقوبات | V1: الملاحضات | W1: نوع الملاك | X1: الجنس
N2: يوم | O2: شهر | P2: سنة
A4: 1 | B4: خالد كاظم عبدالكريم | C4: رئيس مهندسين اقدم اول | D4: بكالوريوس هندسة ميكانيك | E4: 1 | F4: 4 | G4: 970 | H4: 5 | I4: 990 | J4: 45864 | K4: 46017 | L4: 7 | M4: 41626في 24/8/2025 57181في 22/10/2025 | V4: مدير موقع عبدالعباس | W4: ملاك قديم | X4: ذكر
A5: 2 | B5: اميمة محسن عبد نصار | C5: رئيس مهندسين | D5: بكالوريوس هندسة | E5: 3 | F5: 2 | G5: 610 | H5: 3 | I5: 620 | J5: 45901 | K5: 45997 | L5: 7 | M5: 41626في 24/8/2025 60990في 5/11/2025 | N5: 27 | O5: 1 | V5: تم الترقية 2025 | W5: ملاك قديم | X5: انثى
A6: 3 | B6: خالد حسن لازم عيسى الفريجي | C6: مشاور قانوني اقدم | D6: ماجستير قانون | E6: 3 | F6: 3 | G6: 620 | H6: 4 | I6: 630 | J6: 45633 | K6: 45998 | W6: ملاك قديم | X6: ذكر
A7: 4 | B7: زهراء خالد عثمان ناجي | C7: مدير | D7: بكالوريوس اعلام | E7: 3 | F7: 4 | G7: 630 | H7: 5 | I7: 640 | J7: 45657 | K7: 45991 | L7: 1 | M7: 61879في 10/11/2025 | W7: ملاك قديم | X7: انثى
A8: 5 | B8: حيدر ابراهيم مراد علي | C8: معاون رئيس مهندسين تقنين | D8: بكالوريوس هندسة تقنيات تبريد وتكييف | E8: 4 | F8: 1 | G8: 509 | H8: 2 | I8: 517 | J8: 45809 | K8: 45992 | L8: 6 | M8: 41626في 24/8/2025 | V8: تم الترقية 2025 | W8: ملاك قديم | X8: ذكر
A9: 6 | B9: داود سلمان جبر راضي البديري | C9: معاون مدير فني | D9: اعدادية كهرباء | E9: 4 | F9: 5 | G9: 541 | H9: 6 | I9: 549 | J9: 45637 | K9: 46002 | V9: مفوضية | W9: ملاك قديم | X9: ذكر
A10: 7 | B10: ميثم مالك علوان حسين | C10: معاون رئيس مهندسين تقنيين | D10: بكالوريوس هندسة تقنيات حاسبات | E10: 4 | F10: 3 | G10: 525 | H10: 4 | I10: 533 | J10: 45823 | K10: 46006 | L10: 6 | M10: 41626في 24/8/2025 | V10: تم الترقية | W10: ملاك قديم | X10: ذكر
A11: 8 | B11: نايف سامي نايف محمد الدباغ | C11: معاون رئيس مهندسين | D11: ماجستير هندسة كهرباء | E11: 4 | F11: 4 | G11: 533 | H11: 5 | I11: 541 | J11: 45862 | K11: 46015 | L11: 7 | M11: 41626في 24/8/2025 54636في 12/10/2025 | V11: تم الترقية | W11: ملاك قديم | X11: ذكر
A12: 9 | B12: اسماعيل رشيد صليبي حسن العبيدي | C12: رئيس حرفيين اقدم | D12: دون الابتدائية | E12: 5 | F12: 3 | G12: 441 | H12: 4 | I12: 447 | J12: 45657 | K12: 46022 | W12: ملاك قديم | X12: ذكر
A13: 10 | B13: عمر سرحان مزهر خالد | C13: مهندس تقني اقدم | D13: بكالوريوس هندسة تبريد وتكييف | E13: 5 | F13: 3 | G13: 441 | H13: 4 | I13: 447 | J13: 45819 | K13: 46002 | L13: 6 | M13: 41626في 24/8/2025 | V13: تم الترقية | W13: ملاك قديم | X13: ذكر
A14: 11 | B14: محمد عماد خليل ابراهيم | C14: مهندس تقني اقدم | D14: بكالوريوس هندسة تقنيات الحاسبات | E14: 5 | F14: 2 | G14: 435 | H14: 3 | I14: 441 | J14: 45813 | K14: 45996 | L14: 6 | M14: 41626في 24/8/2025 | V14: تم الترقية | W14: ملاك قديم | X14: ذكر
A15: 12 | B15: ولدان صلاح عبدالنبي عبود | C15: رئيس ملاحظين | D15: بكالوريوس ادارة اعمال | E15: 5 | F15: 3 | G15: 441 | H15: 4 | I15: 447 | J15: 45718 | K15: 45993 | L15: 3 | M15: 20916في 24/4/2025 21547في 28/4/2025 60534في 4/11/2025 | V15: تم الترقية 60534في 4/11/2025 60990في 5/11/2025 | W15: ملاك قديم | X15: ذكر
A16: 13 | B16: علي حمودي احمد زنبور الجبوري | C16: معاون رئيس تقني اجهزة طبية | D16: دبلوم التقني | E16: 6 | F16: 2 | G16: 368 | H16: 3 | I16: 374 | J16: 45898 | K16: 45994 | L16: 1 | M16: 57749في26/10/2025 | N16: 28 | O16: 7 | V16: تم الترقية 2025 | W16: ملاك جديد | X16: ذكر
A17: 14 | B17: قاسم عبدالاله خليفة وسمي | C17: رئيس حرفيين | D17: ابتدائية | E17: 6 | F17: 2 | G17: 368 | H17: 3 | I17: 374 | J17: 45936 | K17: 46011 | N17: 20 | O17: 9 | V17: تم الترقية 2025 | W17: ملاك قديم | X17: ذكر
A18: 15 | B18: مصطفى سلمان محمد عباس زنكنة | C18: مهندس | D18: بكالوريوس علوم هندسة الكترونيك | E18: 6 | F18: 4 | G18: 380 | H18: 5 | I18: 386 | J18: 45445 | K18: 45810 | V18: مرسل احتساب شهادة حسب قانون 103 تسريع سنتين واخر يستق ترقية ثانية في شهر 1/2026 | W18: ملاك قديم | X18: ذكر
A19: 16 | B19: اثير قاسم محمد جمعة اللهيبي | C19: كيمياوي | D19: بكالوريوس تربية كيمياء | E19: 6 | F19: 3 | G19: 374 | H19: 4 | I19: 380 | J19: 45650 | K19: 46015 | V19: تم الترقية | W19: ملاك جديد | X19: ذكر
A20: 17 | B20: حيدر عبد علي حمود | C20: ملاحظ فني | D20: اعدادية صناعة | E20: 6 | F20: 2 | G20: 368 | H20: 3 | I20: 374 | J20: 45689 | K20: 45992 | L20: 2 | M20: 20916في 24/4/2025 60990في 5/11/2025 | W20: ملاك قديم | X20: ذكر
A21: 18 | B21: حيدر عبدعلي محمد صادق الدعماوي | C21: ملاحظ | D21: دبلوم ادارة | E21: 6 | F21: 2 | G21: 368 | H21: 3 | I21: 374 | J21: 45660 | K21: 45994 | L21: 1 | M21: 32692في 3/7/2025 | V21: تم الترقية | W21: ملاك جديد | X21: ذكر
A22: 19 | B22: علي صالح محمود ارميض | C22: باحث | D22: بكالوريوس جغرافية | E22: 6 | F22: 3 | G22: 374 | H22: 4 | I22: 380 | J22: 45627 | K22: 45992 | V22: تم الترقية 2025 | W22: ملاك قديم | X22: ذكر
A23: 20 | B23: عماد جمال نايف عبد الشيحاوي | C23: مهندس زراعي | D23: بكالوريوس علوم زراعة محاصيل حقلية | E23: 6 | F23: 3 | G23: 374 | H23: 4 | I23: 380 | J23: 45631 | K23: 45996 | V23: تم الترقية | W23: ملاك جديد | X23: ذكر
A24: 21 | B24: ليث حسين عبد جاسم فياض العامري | C24: مترجم | D24: بكالوريوس هندسة | E24: 6 | F24: 3 | G24: 374 | H24: 4 | I24: 380 | J24: 45628 | K24: 45993 | V24: تم الترقية | W24: ملاك جديد | X24: ذكر
A25: 22 | B25: محمد عامر شاكر محمد الوكاع | C25: مترجم | D25: بكالوريوس لغات انكليزي | E25: 6 | F25: 3 | G25: 374 | H25: 4 | I25: 380 | J25: 45630 | K25: 45995 | V25: تم الترقية | W25: ملاك جديد | X25: ذكر
A26: 23 | B26: محمد قاسم عبدالمجيد علي | C26: ملاحظ | D26: بكالوريوس ادارة اعمال | E26: 6 | F26: 3 | G26: 374 | H26: 4 | I26: 380 | J26: 45665 | K26: 45999 | L26: 1 | M26: 57766في 26/10/2025 | V26: تم الترقية | W26: ملاك جديد | X26: ذكر
A27: 24 | B27: مريم عدنان سلمان داود الباوي | C27: معاون مهندس | D27: بكالوريوس هندسة سيطرة | E27: 6 | F27: 1 | G27: 362 | H27: 2 | I27: 368 | J27: 45898 | K27: 45998 | L27: 6 | M27: 41626في 24/8/2025 | N27: 23 | O27: 2 | V27: تم الترقية 2025 | W27: ملاك جديد | X27: انثى
A28: 25 | B28: مصطفى امين حمد محمود السلماني | C28: ملاحظ فني | D28: دبلوم الكترون | E28: 6 | F28: 2 | G28: 368 | H28: 3 | I28: 374 | J28: 45685 | K28: 46019 | L28: 1 | M28: 38857في 5/8/2025 | V28: تم الترقية | W28: ملاك جديد | X28: ذكر
A29: 26 | B29: مصطفى رياض حمد محمود | C29: ملاحظ | D29: دبلوم ادارة | E29: 6 | F29: 3 | G29: 374 | H29: 4 | I29: 380 | J29: 45658 | K29: 45962 | L29: 2 | M29: 51990في 1/10/2025 57495في 23/10/2025 | V29: تم الترقية | W29: ملاك جديد | X29: ذكر
A30: 27 | B30: مصعب هادي محمود حسن اللهيبي | C30: محاسب | D30: بكالوريوس علوم اسلامية مالية ومصرفية | E30: 6 | F30: 2 | G30: 368 | H30: 3 | I30: 374 | J30: 45901 | K30: 46012 | L30: 6 | M30: 29171في 16/6/2025 | N30: 10 | O30: 2 | V30: تم الترقية 2025 47692في 16/9/2025 قدم 6 اشهر محاسبين | W30: ملاك جديد | X30: ذكر
A31: 28 | B31: نور كاظم ماجد شهاب السراي | C31: ملاحظ | D31: دبلوم اداره مواد | E31: 6 | F31: 2 | G31: 368 | H31: 3 | I31: 374 | J31: 45648 | K31: 46013 | V31: تم الترقية | W31: ملاك جديد | X31: انثى
A32: 29 | B32: نور مؤنس خزعل محمود العزاوي | C32: مترجم | D32: بكالوريوس لغات ترجمة | E32: 6 | F32: 4 | G32: 380 | H32: 5 | I32: 386 | J32: 45680 | K32: 46014 | L32: 1 | M32: 60990في 5/11/2025 | V32: تم الترقية واضافة خدمة قطاع خاص | W32: ملاك جديد | X32: انثى
A33: 30 | B33: وسن حسين حنون مسير ال حنون | C33: مهندس | D33: ماجستير | E33: 6 | F33: 5 | G33: 386 | H33: 6 | I33: 392 | J33: 45641 | K33: 46006 | V33: نقل الينا ماجستير / اجازة 15 يوم اجازة اموم | W33: ملاك جديد | X33: انثى
A34: 31 | B34: ابراهيم سامي ابراهيم علي اللهيبي | C34: معاون قانوني | D34: بكالوريوس قانون | E34: 7 | F34: 3 | G34: 308 | H34: 4 | I34: 314 | J34: 45809 | K34: 45992 | L34: 6 | M34: 39234في 7/8/2025 | V34: احتساب | W34: ملاك جديد | X34: ذكر
A35: 32 | B35: احمد ريسان هاشم حمود الربيعي | C35: معاون باحث | D35: بكالوريوس اداب جغرافية | E35: 7 | F35: 3 | G35: 308 | H35: 4 | I35: 314 | J35: 45641 | K35: 46006 | V35: احتساب شهادة | W35: ملاك جديد | X35: ذكر
A36: 33 | B36: احمد عبدالوهاب محسن حمودي | C36: معاون باحث | D36: بكالوريوس اداب جغرافية | E36: 7 | F36: 3 | G36: 308 | H36: 4 | I36: 314 | J36: 45641 | K36: 46006 | V36: احتساب شهادة | W36: ملاك جديد | X36: ذكر
A37: 34 | B37: ثائر صادق محمد خلف التميمي | C37: معاون ملاحظ فني | D37: اعدادية كهرباء | E37: 7 | F37: 3 | G37: 308 | H37: 4 | I37: 314 | J37: 45722 | K37: 45997 | L37: 3 | M37: 28705في 11/6/2025 51990في 1/10/2025 57495في 23/10/2025 | W37: ملاك جديد | X37: ذكر
A38: 35 | B38: زيد خالد ناجي مهدي العزاوي | C38: معاون ملاحظ | D38: اعدادية علمي | E38: 7 | F38: 3 | G38: 308 | H38: 4 | I38: 314 | J38: 45651 | K38: 46016 | V38: تم الترقية | W38: ملاك جديد | X38: ذكر
A39: 36 | B39: شيماء راغب حيلان رعد العاني | C39: معاون ملاحظ | D39: اعدادية علمي | E39: 7 | F39: 3 | G39: 308 | H39: 4 | I39: 314 | J39: 45644 | K39: 46009 | V39: تم الترقية | W39: ملاك جديد | X39: انثى
A40: 37 | B40: عقيل علاء نجم هدل الزركاني | C40: معاون ملاحظ | D40: اعدادية ادبي | E40: 7 | F40: 3 | G40: 308 | H40: 4 | I40: 314 | J40: 45687 | K40: 46021 | L40: 1 | M40: 61879في 10/11/2025 | V40: تم الترقية | W40: ملاك جديد | X40: ذكر
A41: 38 | B41: علي موفق محمد احمد المشهداني | C41: معاون ملاحظ | D41: بكالوريوس اداب تاريخ | E41: 7 | F41: 3 | G41: 308 | H41: 4 | I41: 314 | J41: 45641 | K41: 46006 | V41: احتساب شهادات | W41: ملاك جديد | X41: ذكر
A42: 39 | B42: عمر حسين علي حسين الصافي | C42: معاون ملاحظ | D42: بكالوريوس ادارة اعمال | E42: 7 | F42: 3 | G42: 308 | H42: 4 | I42: 314 | J42: 45629 | K42: 45994 | V42: احتساب شهادات | W42: ملاك جديد | X42: ذكر
A43: 40 | B43: مازن مؤيد رشيد حسين البياتي | C43: معاون ملاحظ | D43: بكالوريوس تربية رياضة | E43: 7 | F43: 3 | G43: 308 | H43: 4 | I43: 314 | J43: 45648 | K43: 46013 | V43: احتساب شهادة | W43: ملاك جديد | X43: ذكر
A44: 41 | B44: محمد رشيد صليبي حسن | C44: معاون رئيس حرفيين | D44: دون الابتدائية | E44: 7 | F44: 3 | G44: 308 | H44: 4 | I44: 314 | J44: 45636 | K44: 46001 | W44: ملاك قديم | X44: ذكر
A45: 42 | B45: محمد عودة شاوش | C45: معاون محاسب | D45: بكالوريوس محاسبة | E45: 7 | F45: 2 | G45: 302 | H45: 3 | I45: 308 | J45: 45740 | K45: 45924 | L45: 6 | M45: 46591في 14/9/2025
A46: 43 | B46: محمد كافي سعيد حسين العزاوي | C46: معاون ملاحظ فني | D46: اعدادية صناعة | E46: 7 | F46: 3 | G46: 308 | H46: 4 | I46: 314 | J46: 45652 | K46: 46017 | V46: تم الترقية | W46: ملاك جديد | X46: ذكر
A47: 44 | B47: مهيمن محمد سلمان محمد الحمداني | C47: معاون ملاحظ | D47: اعدادية ادبي | E47: 7 | F47: 3 | G47: 308 | H47: 4 | I47: 314 | J47: 45648 | K47: 46013 | V47: تم الترقية | W47: ملاك جديد | X47: ذكر
A48: 45 | B48: وليد حميد ابراهيم | C48: بكالوريوس | D48: معاون مهندس تقني | E48: 7 | F48: 1 | G48: 296 | H48: 2 | I48: 302 | J48: 45657 | K48: 46022 | V48: تسريع 103 | X48: انثى
A49: 46 | B49: سيف سعد محمد محمود القيسي | C49: حرفي اقدم | D49: ابتدائية | E49: 8 | F49: 1 | G49: 260 | H49: 2 | I49: 263 | J49: 45687 | K49: 46021 | L49: 1 | M49: 60990في 5/11/2025 | V49: تم الترقية 2025 | W49: ملاك جديد | X49: ذكر
A50: 47 | B50: صدرالدين عبدالامير مهدي | C50: حرفي اقدم | D50: ابتدائية | E50: 8 | F50: 1 | G50: 260 | H50: 2 | I50: 263 | J50: 45638 | K50: 46003 | V50: تم الترقية | W50: ملاك جديد | X50: ذكر
A51: 48 | B51: اصالة خالد ياسين جعاطة المشهداني | C51: حرفي اقدم | D51: متوسطة | E51: 8 | F51: 3 | G51: 266 | H51: 4 | I51: 269 | J51: 45650 | K51: 46015 | V51: تم الترقية | W51: ملاك جديد | X51: انثى
A52: 49 | B52: حسين ساجت حسين علي الربيعي | C52: حرفي اقدم | D52: متوسطة | E52: 8 | F52: 3 | G52: 266 | H52: 4 | I52: 269 | J52: 45657 | K52: 45991 | L52: 1 | M52: 59159في 30/10/2025 | V52: تم الترقية | W52: ملاك جديد | X52: ذكر
A53: 50 | B53: حسين علاء أمير عبدالمجيد الحداد | C53: حرفي اقدم | D53: متوسطة | E53: 8 | F53: 3 | G53: 266 | H53: 4 | I53: 269 | J53: 45657 | K53: 46022 | V53: تم الترقية | W53: ملاك جديد | X53: ذكر
A54: 51 | B54: رسل صفاء الدين سعودي جاسم | C54: حرفي اقدم | D54: متوسطة | E54: 8 | F54: 3 | G54: 266 | H54: 4 | I54: 269 | J54: 45630 | K54: 45995 | V54: تم الترقية | W54: ملاك جديد | X54: انثى
A55: 52 | B55: علي حميد كاظم عليوي المحمداوي | C55: حرفي اقدم | D55: ابتدائية | E55: 8 | F55: 1 | G55: 260 | H55: 2 | I55: 263 | J55: 45656 | K55: 46021 | V55: تم الترقية 2025 | W55: ملاك جديد | X55: ذكر
A56: 53 | B56: علي عبدالحسين مثنى شهاب الشميلاوي | C56: حرفي اقدم | D56: ابتدائية | E56: 8 | F56: 1 | G56: 260 | H56: 2 | I56: 263 | J56: 45656 | K56: 46021 | V56: تم الترقية 2025 | W56: ملاك جديد | X56: ذكر
A57: 54 | B57: عمر ظاهر عودة محمد الدليمي | C57: حرفي اقدم | D57: ابتدائية | E57: 8 | F57: 1 | G57: 260 | H57: 2 | I57: 263 | J57: 45627 | K57: 45992 | V57: تم الترقية 2025 | W57: ملاك جديد | X57: ذكر
A58: 55 | B58: عمر عدنان ريحان احمد الدليمي | C58: حرفي اقدم | D58: متوسطة | E58: 8 | F58: 3 | G58: 266 | H58: 4 | I58: 269 | J58: 45658 | K58: 45962 | L58: 2 | M58: 41339في 20/8/2025 61879في 10/11/2025 | V58: تم الترقية | W58: ملاك جديد | X58: ذكر
A59: 56 | B59: فراس حميد شمس شاطي الكناني | C59: حرفي اقدم | D59: ابتدائية | E59: 8 | F59: 1 | G59: 260 | H59: 2 | I59: 263 | J59: 45656 | K59: 46021 | V59: تم الترقية 2025 | W59: ملاك جديد | X59: ذكر
A60: 57 | B60: محمد اياد رشيد صليبي العبيدي | C60: حرفي اقدم | D60: ابتدائية | E60: 8 | F60: 1 | G60: 260 | H60: 2 | I60: 263 | J60: 45656 | K60: 46021 | V60: تم الترقية 2025 | W60: ملاك جديد | X60: ذكر
A61: 58 | B61: محمد رحمن علي محمود | C61: كاتب | D61: اعدادية علمي | E61: 8 | F61: 2 | G61: 263 | H61: 3 | I61: 266 | J61: 45642 | K61: 46007 | V61: احتساب شهادة | W61: ملاك جديد | X61: ذكر
A62: 59 | B62: مصطفى ثائر كريم شرقي الزبيدي | C62: حرفي اقدم | D62: ابتدائية | E62: 8 | F62: 1 | G62: 260 | H62: 2 | I62: 263 | J62: 45627 | K62: 45992 | V62: تم الترقية 2025 | W62: ملاك جديد | X62: ذكر
A63: 60 | B63: هدى شهاب جمعة محمود المفرجي | C63: حرفي اقدم | D63: متوسطة | E63: 8 | F63: 3 | G63: 266 | H63: 4 | I63: 269 | J63: 45640 | K63: 46005 | V63: تم الترقية | W63: ملاك جديد | X63: انثى
A64: 61 | B64: وليد خالد عبود عبدالله الدليمي | C64: حرفي اقدم | D64: متوسطة | E64: 8 | F64: 3 | G64: 266 | H64: 4 | I64: 269 | J64: 45627 | K64: 45992 | V64: تم الترقية | W64: ملاك جديد | X64: ذكر
A65: 62 | B65: محمد سمير صالح عويد الجبوري | C65: حرفي اول | D65: متوسطة | E65: 9 | F65: 3 | G65: 216 | H65: 4 | I65: 219 | J65: 45648 | K65: 46013 | V65: احتساب شهادات | W65: ملاك جديد | X65: ذكر

Sheet علاوات شهر 12
A1: ت | B1: الاسم الرباعي | C1: العنوان الوظيفي | D1: التحصيل الدراسي | E1: الدرجة | F1: المرحلة القديمة | G1: الراتب القديم | H1: المرحلة الجديدة | I1: الراتب الجديد | J1: تاريخ الاستحقاق القديم | K1: تاريخ الاستحقاق الجديد | L1: كتب الشكر | M1: رقم وتاريخ كتب الشكر | N1: خدمة المدورة | Q1: اجازة بدون راتب / غيابات | R1: لفت نظر / امومة | S1: انذار | T1: توبيخ | U1: رقم وتاريخ العقوبات
N2: يوم | O2: شهر | P2: سنة
A4: 1 | B4: خالد كاظم عبدالكريم | C4: رئيس مهندسين اقدم اول | D4: بكالوريوس هندسة ميكانيك | E4: 1 | F4: 4 | G4: 970 | H4: 5 | I4: 990 | J4: 45864 | K4: 46017 | L4: 7 | M4: 41626في 24/8/2025 57181في 22/10/2025
A5: 2 | B5: منير جبار مرداو فضالة | C5: مدير تدقيق اقدم | D5: بكالوريوس | E5: 2 | F5: 4 | G5: 774 | H5: 5 | I5: 791 | J5: 45809 | K5: 45992 | L5: 6 | M5: 46615في 14/9/2025
A6: 3 | B6: اميمة محسن عبد نصار | C6: رئيس مهندسين | D6: بكالوريوس هندسة | E6: 3 | F6: 2 | G6: 610 | H6: 3 | I6: 620 | J6: 45901 | K6: 45997 | L6: 7 | M6: 41626في 24/8/2025 60990في 5/11/2025 | N6: 27 | O6: 1
A7: 4 | B7: خالد حسن لازم عيسى الفريجي | C7: مشاور قانوني اقدم | D7: ماجستير قانون | E7: 3 | F7: 3 | G7: 620 | H7: 4 | I7: 630 | J7: 45633 | K7: 45998
A8: 5 | B8: زهراء خالد عثمان ناجي | C8: مدير | D8: بكالوريوس اعلام | E8: 3 | F8: 4 | G8: 630 | H8: 5 | I8: 640 | J8: 45657 | K8: 45991 | L8: 1 | M8: 61879في 10/11/2025
A9: 6 | B9: حيدر ابراهيم مراد علي | C9: معاون رئيس مهندسين تقنين | D9: بكالوريوس هندسة تقنيات تبريد وتكييف | E9: 4 | F9: 1 | G9: 509 | H9: 2 | I9: 517 | J9: 45809 | K9: 45992 | L9: 6 | M9: 41626في 24/8/2025
A10: 7 | B10: داود سلمان جبر راضي البديري | C10: معاون مدير فني | D10: اعدادية كهرباء | E10: 4 | F10: 5 | G10: 541 | H10: 6 | I10: 549 | J10: 45637 | K10: 46002
A11: 8 | B11: ميثم مالك علوان حسين | C11: معاون رئيس مهندسين تقنيين | D11: بكالوريوس هندسة تقنيات حاسبات | E11: 4 | F11: 3 | G11: 525 | H11: 4 | I11: 533 | J11: 45823 | K11: 46006 | L11: 6 | M11: 41626في 24/8/2025
A12: 9 | B12: نايف سامي نايف محمد الدباغ | C12: معاون رئيس مهندسين | D12: ماجستير هندسة كهرباء | E12: 4 | F12: 4 | G12: 533 | H12: 5 | I12: 541 | J12: 45862 | K12: 46015 | L12: 7 | M12: 41626في 24/8/2025 54636في 12/10/2025
A13: 10 | B13: ولدان صلاح عبدالنبي عبود | C13: رئيس ملاحظين | D13: بكالوريوس ادارة اعمال | E13: 5 | F13: 3 | G13: 441 | H13: 4 | I13: 447 | J13: 45718 | K13: 45993 | L13: 3 | M13: 20916في 24/4/2025 21547في 28/4/2025 60534في 4/11/2025
A14: 11 | B14: اسماعيل رشيد صليبي حسن العبيدي | C14: رئيس حرفيين اقدم | D14: دون الابتدائية | E14: 5 | F14: 3 | G14: 441 | H14: 4 | I14: 447 | J14: 45657 | K14: 46022
A15: 12 | B15: عمر سرحان مزهر خالد | C15: مهندس تقني اقدم | D15: بكالوريوس هندسة تبريد وتكييف | E15: 5 | F15: 3 | G15: 441 | H15: 4 | I15: 447 | J15: 45819 | K15: 46002 | L15: 6 | M15: 41626في 24/8/2025
A16: 13 | B16: محمد عماد خليل ابراهيم | C16: مهندس تقني اقدم | D16: بكالوريوس هندسة تقنيات الحاسبات | E16: 5 | F16: 2 | G16: 435 | H16: 3 | I16: 441 | J16: 45813 | K16: 45996 | L16: 6 | M16: 41626في 24/8/2025
A17: 14 | B17: علي حمودي احمد زنبور الجبوري | C17: معاون رئيس تقني اجهزة طبية | D17: دبلوم التقني | E17: 6 | F17: 2 | G17: 368 | H17: 3 | I17: 374 | J17: 45898 | K17: 45994 | L17: 1 | M17: 57749في26/10/2025 | N17: 28 | O17: 7
A18: 15 | B18: قاسم عبدالاله خليفة وسمي | C18: رئيس حرفيين | D18: ابتدائية | E18: 6 | F18: 2 | G18: 368 | H18: 3 | I18: 374 | J18: 45936 | K18: 46011 | N18: 20 | O18: 9
A19: 16 | B19: اثير قاسم محمد جمعة اللهيبي | C19: كيمياوي | D19: بكالوريوس تربية كيمياء | E19: 6 | F19: 3 | G19: 374 | H19: 4 | I19: 380 | J19: 45650 | K19: 46015
A20: 17 | B20: حيدر عبد علي حمود | C20: ملاحظ فني | D20: اعدادية صناعة | E20: 6 | F20: 2 | G20: 368 | H20: 3 | I20: 374 | J20: 45689 | K20: 45992 | L20: 2 | M20: 20916في 24/4/2025 60990في 5/11/2025
A21: 18 | B21: حيدر عبدعلي محمد صادق الدعماوي | C21: ملاحظ | D21: دبلوم ادارة | E21: 6 | F21: 2 | G21: 368 | H21: 3 | I21: 374 | J21: 45660 | K21: 45994 | L21: 1 | M21: 32692في 3/7/2025
A22: 19 | B22: علي صالح محمود ارميض | C22: باحث | D22: بكالوريوس جغرافية | E22: 6 | F22: 3 | G22: 374 | H22: 4 | I22: 380 | J22: 45627 | K22: 45992
A23: 20 | B23: عماد جمال نايف عبد الشيحاوي | C23: مهندس زراعي | D23: بكالوريوس علوم زراعة محاصيل حقلية | E23: 6 | F23: 3 | G23: 374 | H23: 4 | I23: 380 | J23: 45631 | K23: 45996
A24: 21 | B24: ليث حسين عبد جاسم فياض العامري | C24: مترجم | D24: بكالوريوس هندسة | E24: 6 | F24: 3 | G24: 374 | H24: 4 | I24: 380 | J24: 45628 | K24: 45993
A25: 22 | B25: محمد عامر شاكر محمد الوكاع | C25: مترجم | D25: بكالوريوس لغات انكليزي | E25: 6 | F25: 3 | G25: 374 | H25: 4 | I25: 380 | J25: 45630 | K25: 45995
A26: 23 | B26: محمد قاسم عبدالمجيد علي | C26: ملاحظ | D26: بكالوريوس ادارة اعمال | E26: 6 | F26: 3 | G26: 374 | H26: 4 | I26: 380 | J26: 45665 | K26: 45999 | L26: 1 | M26: 57766في 26/10/2025
A27: 24 | B27: مريم عدنان سلمان داود الباوي | C27: مهندس | D27: بكالوريوس هندسة سيطرة | E27: 6 | F27: 1 | G27: 362 | H27: 2 | I27: 368 | J27: 45898 | K27: 45998 | L27: 6 | M27: 41626في 24/8/2025 | N27: 23 | O27: 2
A28: 25 | B28: مصطفى امين حمد محمود السلماني | C28: ملاحظ فني | D28: دبلوم الكترون | E28: 6 | F28: 2 | G28: 368 | H28: 3 | I28: 374 | J28: 45685 | K28: 46019 | L28: 1 | M28: 38857في 5/8/2025
A29: 26 | B29: مصطفى رياض حمد محمود | C29: ملاحظ | D29: دبلوم ادارة | E29: 6 | F29: 3 | G29: 374 | H29: 4 | I29: 380 | J29: 45658 | K29: 45962 | L29: 2 | M29: 51990في 1/10/2025 57495في 23/10/2025
A30: 27 | B30: مصعب هادي محمود حسن اللهيبي | C30: محاسب | D30: بكالوريوس علوم اسلامية مالية ومصرفية | E30: 6 | F30: 1 | G30: 362 | H30: 2 | I30: 368 | J30: 45901 | K30: 46012 | L30: 6 | M30: 29171في 16/6/2025 | N30: 10 | O30: 2
A31: 28 | B31: نور كاظم ماجد شهاب السراي | C31: ملاحظ | D31: دبلوم اداره مواد | E31: 6 | F31: 2 | G31: 368 | H31: 3 | I31: 374 | J31: 45648 | K31: 46013
A32: 29 | B32: وسن حسين حنون مسير ال حنون | C32: مهندس | D32: ماجستير | E32: 6 | F32: 5 | G32: 386 | H32: 6 | I32: 392 | J32: 45641 | K32: 46006
A33: 30 | B33: ابراهيم سامي ابراهيم علي اللهيبي | C33: معاون قانوني | D33: بكالوريوس قانون | E33: 7 | F33: 3 | G33: 308 | H33: 4 | I33: 314 | J33: 45809 | K33: 45992 | L33: 6 | M33: 39234في 7/8/2025
A34: 31 | B34: احمد ريسان هاشم حمود الربيعي | C34: معاون باحث | D34: بكالوريوس اداب جغرافية | E34: 7 | F34: 3 | G34: 308 | H34: 4 | I34: 314 | J34: 45641 | K34: 46006
A35: 32 | B35: احمد عبدالوهاب محسن حمودي | C35: معاون باحث | D35: بكالوريوس اداب جغرافية | E35: 7 | F35: 3 | G35: 308 | H35: 4 | I35: 314 | J35: 45641 | K35: 46006
A36: 33 | B36: ثائر صادق محمد خلف التميمي | C36: معاون ملاحظ فني | D36: اعدادية كهرباء | E36: 7 | F36: 3 | G36: 308 | H36: 4 | I36: 314 | J36: 45722 | K36: 45997 | L36: 3 | M36: 28705في 11/6/2025 51990في 1/10/2025 57495في 23/10/2025
A37: 34 | B37: زيد خالد ناجي مهدي العزاوي | C37: معاون ملاحظ | D37: اعدادية علمي | E37: 7 | F37: 3 | G37: 308 | H37: 4 | I37: 314 | J37: 45651 | K37: 46016
A38: 35 | B38: شيماء راغب حيلان رعد العاني | C38: معاون ملاحظ | D38: اعدادية علمي | E38: 7 | F38: 3 | G38: 308 | H38: 4 | I38: 314 | J38: 45644 | K38: 46009
A39: 36 | B39: عقيل علاء نجم هدل الزركاني | C39: معاون ملاحظ | D39: اعدادية ادبي | E39: 7 | F39: 3 | G39: 308 | H39: 4 | I39: 314 | J39: 45687 | K39: 46021 | L39: 1 | M39: 61879في 10/11/2025
A40: 37 | B40: علي موفق محمد احمد المشهداني | C40: معاون ملاحظ | D40: بكالوريوس اداب تاريخ | E40: 7 | F40: 3 | G40: 308 | H40: 4 | I40: 314 | J40: 45641 | K40: 46006
A41: 38 | B41: عمر حسين علي حسين الصافي | C41: معاون ملاحظ | D41: بكالوريوس ادارة اعمال | E41: 7 | F41: 3 | G41: 308 | H41: 4 | I41: 314 | J41: 45629 | K41: 45994
A42: 39 | B42: مازن مؤيد رشيد حسين البياتي | C42: معاون ملاحظ | D42: بكالوريوس تربية رياضة | E42: 7 | F42: 3 | G42: 308 | H42: 4 | I42: 314 | J42: 45648 | K42: 46013
A43: 40 | B43: محمد رشيد صليبي حسن | C43: معاون رئيس حرفيين | D43: دون الابتدائية | E43: 7 | F43: 3 | G43: 308 | H43: 4 | I43: 314 | J43: 45636 | K43: 46001
A44: 41 | B44: محمد عودة شاوش | C44: معاون محاسب | D44: بكالوريوس محاسبة | E44: 7 | F44: 2 | G44: 302 | H44: 3 | I44: 308 | J44: 45740 | K44: 45924 | L44: 6 | M44: 46591في 14/9/2025
A45: 42 | B45: محمد كافي سعيد حسين العزاوي | C45: معاون ملاحظ فني | D45: اعدادية صناعة | E45: 7 | F45: 3 | G45: 308 | H45: 4 | I45: 314 | J45: 45652 | K45: 46017
A46: 43 | B46: مهيمن محمد سلمان محمد الحمداني | C46: معاون ملاحظ | D46: اعدادية ادبي | E46: 7 | F46: 3 | G46: 308 | H46: 4 | I46: 314 | J46: 45648 | K46: 46013
A47: 44 | B47: وليد حميد ابراهيم | C47: بكالوريوس | D47: معاون مهندس تقني | E47: 7 | F47: 1 | G47: 296 | H47: 2 | I47: 302 | J47: 45657 | K47: 46022
A48: 45 | B48: سيف سعد محمد محمود القيسي | C48: حرفي اقدم | D48: ابتدائية | E48: 8 | F48: 1 | G48: 260 | H48: 2 | I48: 263 | J48: 45687 | K48: 46021 | L48: 1 | M48: 60990في 5/11/2025
A49: 46 | B49: صدرالدين عبدالامير مهدي | C49: حرفي اقدم | D49: ابتدائية | E49: 8 | F49: 1 | G49: 260 | H49: 2 | I49: 263 | J49: 45638 | K49: 46003
A50: 47 | B50: اصالة خالد ياسين جعاطة المشهداني | C50: حرفي اقدم | D50: متوسطة | E50: 8 | F50: 3 | G50: 266 | H50: 4 | I50: 269 | J50: 45650 | K50: 46015
A51: 48 | B51: حسين ساجت حسين علي الربيعي | C51: حرفي اقدم | D51: متوسطة | E51: 8 | F51: 3 | G51: 266 | H51: 4 | I51: 269 | J51: 45657 | K51: 45991 | L51: 1 | M51: 59159في 30/10/2025
A52: 49 | B52: حسين علاء أمير عبدالمجيد الحداد | C52: حرفي اقدم | D52: متوسطة | E52: 8 | F52: 3 | G52: 266 | H52: 4 | I52: 269 | J52: 45657 | K52: 46022
A53: 50 | B53: رسل صفاء الدين سعودي جاسم | C53: حرفي اقدم | D53: متوسطة | E53: 8 | F53: 3 | G53: 266 | H53: 4 | I53: 269 | J53: 45630 | K53: 45995
A54: 51 | B54: علي حميد كاظم عليوي المحمداوي | C54: حرفي اقدم | D54: ابتدائية | E54: 8 | F54: 1 | G54: 260 | H54: 2 | I54: 263 | J54: 45656 | K54: 46021
A55: 52 | B55: علي عبدالحسين مثنى شهاب الشميلاوي | C55: حرفي اقدم | D55: ابتدائية | E55: 8 | F55: 1 | G55: 260 | H55: 2 | I55: 263 | J55: 45656 | K55: 46021
A56: 53 | B56: عمر ظاهر عودة محمد الدليمي | C56: حرفي اقدم | D56: ابتدائية | E56: 8 | F56: 1 | G56: 260 | H56: 2 | I56: 263 | J56: 45627 | K56: 45992
A57: 54 | B57: عمر عدنان ريحان احمد الدليمي | C57: حرفي اقدم | D57: متوسطة | E57: 8 | F57: 3 | G57: 266 | H57: 4 | I57: 269 | J57: 45658 | K57: 45962 | L57: 2 | M57: 41339في 20/8/2025 61879في 10/11/2025
A58: 55 | B58: فراس حميد شمس شاطي الكناني | C58: حرفي اقدم | D58: ابتدائية | E58: 8 | F58: 1 | G58: 260 | H58: 2 | I58: 263 | J58: 45656 | K58: 46021
A59: 56 | B59: محمد اياد رشيد صليبي العبيدي | C59: حرفي اقدم | D59: ابتدائية | E59: 8 | F59: 1 | G59: 260 | H59: 2 | I59: 263 | J59: 45656 | K59: 46021
A60: 57 | B60: محمد رحمن علي محمود | C60: كاتب | D60: اعدادية علمي | E60: 8 | F60: 2 | G60: 263 | H60: 3 | I60: 266 | J60: 45642 | K60: 46007
A61: 58 | B61: مصطفى ثائر كريم شرقي الزبيدي | C61: حرفي اقدم | D61: ابتدائية | E61: 8 | F61: 1 | G61: 260 | H61: 2 | I61: 263 | J61: 45627 | K61: 45992
A62: 59 | B62: هدى شهاب جمعة محمود المفرجي | C62: حرفي اقدم | D62: متوسطة | E62: 8 | F62: 3 | G62: 266 | H62: 4 | I62: 269 | J62: 45640 | K62: 46005
A63: 60 | B63: وليد خالد عبود عبدالله الدليمي | C63: حرفي اقدم | D63: متوسطة | E63: 8 | F63: 3 | G63: 266 | H63: 4 | I63: 269 | J63: 45627 | K63: 45992
A64: 61 | B64: محمد سمير صالح عويد الجبوري | C64: حرفي اول | D64: متوسطة | E64: 9 | F64: 3 | G64: 216 | H64: 4 | I64: 219 | J64: 45648 | K64: 46013

Sheet ورقة7
A1: ت | B1: الاسم الرباعي | C1: العنوان الوظيفي | D1: التحصيل الدراسي | E1: الدرجة | F1: المرحلة القديمة | G1: الراتب القديم | H1: المرحلة الجديدة | I1: الراتب الجديد | J1: تاريخ الاستحقاق القديم | K1: تاريخ الاستحقاق الجديد | L1: تنبيه العلاوة | M1: كتب الشكر | N1: رقم وتاريخ كتب الشكر | O1: خدمة المدورة | R1: اجازة بدون راتب / غيابات | S1: لفت نظر / امومة | T1: انذار | U1: توبيخ | V1: رقم وتاريخ العقوبات | W1: الملاحضات | X1: نوع الملاك | Y1: الجنس
O2: يوم | P2: شهر | Q2: سنة
A4: 23 | B4: خالد حسن لازم عيسى الفريجي | C4: مشاور قانوني اقدم | D4: ماجستير قانون | E4: 3 | F4: 4 | G4: 630 | H4: 5 | I4: 640 | X4: ملاك قديم | Y4: ذكر
A5: 309 | B5: علي صالح محمود ارميض | C5: باحث | D5: بكالوريوس جغرافية | E5: 6 | F5: 3 | G5: 374 | H5: 4 | I5: 380 | J5: 45627 | K5: 45992 | L5: قريبا يستحق العلاوة | W5: تم الترقية 2025 | X5: ملاك قديم | Y5: ذكر
A6: 397 | B6: نور مؤنس خزعل محمود العزاوي | C6: مترجم | D6: بكالوريوس لغات ترجمة | E6: 6 | F6: 4 | G6: 380 | H6: 5 | I6: 386 | J6: 45680 | K6: 46014 | L6: قريبا يستحق العلاوة | M6: 1 | N6: 60990في 5/11/2025 | W6: تم الترقية واضافة خدمة قطاع خاص | X6: ملاك جديد | Y6: انثى
A7: 807
A8: 808 | W8: تم الترقية | X8: ملاك جديد | Y8: ذكر

Sheet ورقة8
A1: ت | B1: الاسم الرباعي | C1: العنوان الوظيفي | D1: التحصيل الدراسي | E1: الدرجة | F1: المرحلة القديمة | G1: الراتب القديم | H1: المرحلة الجديدة | I1: الراتب الجديد | J1: تاريخ الاستحقاق القديم | K1: تاريخ الاستحقاق الجديد | L1: كتب الشكر | M1: رقم وتاريخ كتب الشكر | N1: اضافة خدمة الاجر | Q1: الخدمة المدورة للاستحقاق القادم | T1: توبيخ | U1: رقم وتاريخ العقوبات | V1: الملاحضات | W1: نوع الملاك | X1: الجنس
N2: يوم | O2: شهر | P2: سنة | Q2: يوم | R2: شهر | S2: سنة
A4: 1 | B4: خليل رشيد صليبي حسن العبيدي | C4: رئيس حرفيين | D4: ابتدائية | E4: 6 | F4: 3 | G4: 374 | H4: 4 | I4: 380 | J4: 45057 | K4: 45946 | L4: / | M4: / | N4: 23 | O4: / | P4: 1 | Q4: 17 | R4: 6 | S4: / | T4: / | U4: / | V4: لديه اجازة 5 سنوات حسب الامر (54946في 30/10/2023) وتمتع منها ب (1/11/11) تم تنزيلها من الخدمة | W4: ملاك قديم | X4: ذكر

Sheet ورقة9
A1: ت | B1: الاسم الرباعي | C1: العنوان الوظيفي | D1: التحصيل الدراسي | E1: الدرجة | F1: المرحلة القديمة | G1: الراتب القديم | H1: المرحلة الجديدة | I1: الراتب الجديد | J1: تاريخ الاستحقاق القديم | K1: تاريخ الاستحقاق الجديد | L1: كتب الشكر | M1: رقم وتاريخ كتب الشكر | N1: خدمة المدورة | Q1: اجازة بدون راتب / غيابات | R1: لفت نظر / امومة | S1: انذار | T1: توبيخ | U1: رقم وتاريخ العقوبات | V1: الملاحضات
N2: يوم | O2: شهر | P2: سنة
A4: 1 | B4: بكر نبيل مجيد صالح | C4: مشاور قانوني | D4: بكالوريوس قانون | E4: 4 | F4: 2 | G4: 517 | H4: 3 | I4: 525 | J4: 45693 | K4: 45996 | L4: 2 | M4: 51990في 1/10/2025 64852في 25/11/2025

Sheet ورقة10
A1: جدول علاوات شهر (كانون الاول) لعام 2025 (ملحق)
A2: ت | B2: الاسم الرباعي | C2: العنوان الوظيفي | D2: التحصيل الدراسي | E2: الدرجة | F2: المرحلة القديمة | G2: الراتب القديم | H2: المرحلة الجديدة | I2: الراتب الجديد | J2: تاريخ الاستحقاق القديم | K2: تاريخ الاستحقاق الجديد | L2: كتب الشكر | M2: رقم وتاريخ كتب الشكر | N2: خدمة المدورة | Q2: اجازة بدون راتب / غيابات | R2: لفت نظر / امومة | S2: انذار | T2: توبيخ | U2: رقم وتاريخ العقوبات | V2: الملاحضات
N3: يوم | O3: شهر | P3: سنة
A5: 1 | B5: محمد لطيف عباس عبدالرضا الزيرجاوي | C5: مدير | D5: بكالوريوس تاريخ | E5: 3 | F5: 17 | G5: 802 | H5: 18 | I5: 819 | J5: 45839 | K5: 45992 | L5: 7 | M5: 29171في 16/6/2025 65653في 26/11/2025
A6: 2 | B6: جمال جواد عطاالله هايس العبيدي | C6: مشاور قانوني | D6: بكالوريوس قانون | E6: 4 | F6: 1 | G6: 509 | H6: 2 | I6: 517 | J6: 45727 | K6: 45911 | L6: 6 | M6: 39234في 7/8/2025
A7: 3 | B7: علي محمد لطيف عباس عبدالرضا | C7: حرفي اقدم | D7: ابتدائية | E7: 8 | F7: 1 | G7: 260 | H7: 2 | I7: 263 | J7: 45680 | K7: 46014 | L7: 1 | M7: 65653في 26/11/2025

Sheet ورقة11
A1: ت | B1: الاسم الرباعي | C1: العنوان الوظيفي | D1: التحصيل الدراسي | E1: الدرجة | F1: المرحلة القديمة | G1: الراتب القديم | H1: المرحلة الجديدة | I1: الراتب الجديد | J1: تاريخ الاستحقاق القديم | K1: تاريخ الاستحقاق الجديد | L1: كتب الشكر | M1: رقم وتاريخ كتب الشكر | N1: خدمة المدورة | Q1: اجازة بدون راتب / غيابات | R1: لفت نظر / امومة | S1: انذار | T1: توبيخ | U1: رقم وتاريخ العقوبات | V1: الملاحضات
N2: يوم | O2: شهر | P2: سنة
A4: 1 | B4: هشام جمال عطوان | C4: كاتب | D4: اعدادية | E4: 8 | F4: 3 | G4: 266 | H4: 4 | I4: 269 | J4: 44562 | K4: 44838 | L4: 1 | M4: 49287في 9/11/2022 | N4: 28 | O4: 1 | V4: منح علاوة بعد احتساب شهادة وفق قرار 454 واعتبارا من 1/1/2022

Sheet ورقة14
A1: ت | B1: الاسم الرباعي | C1: العنوان الوظيفي | D1: التحصيل الدراسي | E1: الدرجة | F1: المرحلة القديمة | G1: الراتب القديم | H1: المرحلة الجديدة | I1: الراتب الجديد | J1: تاريخ الاستحقاق القديم | K1: تاريخ الاستحقاق الجديد | L1: كتب الشكر | M1: رقم وتاريخ كتب الشكر | N1: خدمة المدورة | Q1: اجازة بدون راتب / غيابات | R1: لفت نظر / امومة | S1: انذار | T1: توبيخ | U1: رقم وتاريخ العقوبات | V1: الملاحضات | W1: نوع الملاك | X1: الجنس
N2: يوم | O2: شهر | P2: سنة
A4: 1 | B4: احمد جمال كافي طه الالوسي | C4: مشاور قانوني مساعد | D4: بكالوريوس قانون | E4: 5 | F4: 5 | G4: 453 | H4: 6 | I4: 459 | J4: 45703 | K4: 46037 | L4: 1 | M4: 55816في 16/10/2025 | W4: ملاك جديد | X4: ذكر
A5: 2 | B5: سارة جواد كاظم عبود الجحيشي | C5: مهندس اقدم | D5: بكالوريوس هندسة | E5: 5 | F5: 5 | G5: 453 | H5: 6 | I5: 459 | J5: 45538 | K5: 45719 | L5: 6 | M5: 41626في 24/8/2025 | V5: لديها اجازة امومة + اجازة 6 اشهر بدون راتب استحقاق 3/2/2026 | W5: ملاك قديم | X5: انثى
A6: 3 | B6: عمر ابراهيم عبدالرحمن ابراهيم | C6: مهندس تقني اقدم | D6: بكالوريوس هندسة تقنيات الحاسبات | E6: 5 | F6: 5 | G6: 453 | H6: 6 | I6: 459 | J6: 45794 | K6: 46070 | L6: 3 | M6: 28705في 11/6/2025 51990في 1/10/2025 57495في 23/10/2025 | V6: 64852في 25/11/2025 | W6: ملاك قديم | X6: ذكر
